wbic,secchi,depth_at_samplesite,top_hypolimnion,440_color_10_cm,440_color_1_cm,alk,pH,dic,doc,tic,toc,totnf,totnuf,totpf,totpuf,cl,so4,ca,mg,na,k,fe,mn,upstream_lake_area,upstream_wetland_area,upstream_land_area,upstream_total_area,watershed_area,watershed_perimeter
2126,0.58,13.8,8,0.0143,0.0556,41.51,5.46,1.53,17.04,1.64,16.9,514,551,15,10,0.24,0.72,1.62,0.455,0.499,0.838,0.265,0.031,17016,191744,1186888,1395648,13954,634
2283,0.6,1.1,-999,0.7261,0.0648,16.61,5.117,0.56,18.38,1.17,17.91,797.5,637,13,15,-999,-999,1.87,0.535,0.986,0.616,0.452,0.056,27724,181517,493318,702560,216930,2430
2343,1.85,7,5.5,0.1646,0.0158,19.67,5.805,0.8,9.58,0.96,9.39,409,405,10,4,1.22,2.47,1.02,0.339,0.165,0.427,0.058,0.013,1079506,5318068,9412654,15810229,250420,2430
2392,0.65,5.5,4.5,0.534,0.0524,28.64,5.549,0.55,16.07,1.13,16.3,630,635,13,18,0.23,2.65,1.84,0.609,0.362,0.504,0.338,0.058,56602,160905,606738,824245,344574,3645
2561,2.88,6.45,-999,-0.0286,0.0144,38.08,5.982,0.83,8.9,1.05,9.14,422,358,15,5,0.24,2.57,1.51,0.508,0.51,0.717,0.027,0.016,307679,862452,4529619,5699750,225998,2483
2652,3.25,10.45,8.5,0.1072,0.0083,30.46,6.261,0.71,7.09,0.79,6.97,261,343,4,2,0.17,3.09,1.48,0.478,0.442,0.485,0.008,0.006,91425,94348,411494,597267,444324,5229
2725,1.45,2.4,-999,0.0611,0.0119,874.69,8.427,11.42,7.08,11.65,6.75,460,315,24,10,0.81,1.92,14.2,3.52,1.55,0.74,0.024,0,42857993,29851118,161783235,234492346,1384583,8504
2725,1.45,2.4,-999,0.0611,0.0119,874.69,8.427,11.42,7.08,11.65,6.75,460,315,24,10,0.81,1.92,14.2,3.52,1.55,0.74,0.024,0,42857993,29851118,161783235,234492346,699,106
2725,1.45,2.4,-999,0.0611,0.0119,874.69,8.427,11.42,7.08,11.65,6.75,460,315,24,10,0.81,1.92,14.2,3.52,1.55,0.74,0.024,0,42857993,29851118,161783235,234492346,4182,264
2725,1.45,2.4,-999,0.0611,0.0119,874.69,8.427,11.42,7.08,11.65,6.75,460,315,24,10,0.81,1.92,14.2,3.52,1.55,0.74,0.024,0,42857993,29851118,161783235,234492346,697,106
19788,0.4,1.9,-999,1.3268,0.1253,281.43,6.072,3.92,29.6,6.69,29.44,1321,1847,70,117,-999,-999,16.95,3.73,40.55,1.005,2.4,0.737,899,0,6772,7672,7672,423
19811,0.7,0.7,-999,0.6277,0.0445,109.01,5.74,3.97,24.92,3.46,23.88,1058,1058,54,64,0.12,0.85,3.59,1.07,0.539,0.211,0.695,0.084,149809,405919,1916944,2472673,290857,3064
19850,0.35,1,-999,0.8,0.0782,185.56,6.683,3.35,19.69,4.42,19.03,1783,1873,100,65,0.3,1.24,4.06,0.898,0.371,0.727,0.429,0.012,1959652,6833899,21066395,29859945,4879,317
19925,1.5,7.4,5.5,0.3399,0.0254,-20.5,4.544,1.47,13.17,1.65,12.85,534,426,7,8,-999,-999,0.507,0.16,0.129,0.291,0.079,0.051,700,14804,42542,58046,43242,1056
20068,2.9,5.7,5.25,0.1052,0,16.2,5.858,0.91,5.38,1.06,5.43,333,301,7,10,0.84,0.97,0.625,0.198,0.035,0.409,0.034,0.011,12254,11747,59599,83599,33485,951
20282,0.25,0.25,-999,1.0055,0.1009,286.29,6.054,10.94,23.06,11.47,22.18,1511,6112,153.5,180,0.31,0.63,5.43,1.7,0.627,0.276,2.06,0.174,4965726,7470750,20261643,32698119,47429,1056
20302,1,6.15,4.5,0.6221,0.0621,-41.6,4.407,1.13,25.63,1.41,25.77,648,605,12,5,0.1,2.18,1.51,0.516,0.253,0.085,0.146,0.041,950,921,1843,3714,2792,264
20370,0.53,1.5,-999,0.8075,0.0816,29.8,5.376,1.56,22.94,3.26,21.17,1148,1437,34.5,29,0.06,0.24,1.86,0.464,0.508,0.253,0.53,0.036,1013183,5271860,9228558,15513601,93468,1637
20483,0.6,0.6,-999,0.2888,0.0279,33.43,5.564,1.54,11.48,2.14,10.62,596,644,9,16,0.08,0.26,0.993,0.302,0.189,0.219,0.133,0.014,8886,10412,113178,132476,122064,1902
20501,0.85,0.85,-999,0.3144,0.032,43.66,5.67,1.36,10.62,2.2,10.56,615,615,13,15,0.39,0.75,1.04,0.327,0.184,0.244,0.22,0.019,2123825,2187849,7604552,11916226,37665,1215
20836,0.65,7.5,5,0.6797,0.0663,74.34,5.472,4.02,20.56,3.72,19.73,762,772,25,27,0.34,0.15,1.98,0.544,0.252,1.49,0.442,0.065,1974574,1694768,6263176,9932518,10464,423
20849,0.1,0.1,-999,0.0363,0,1799.92,7.792,22.96,1.64,23.11,1.59,323,191,27,10,0.34,5.17,27.3,7.05,2.19,0.905,0,0.002,24538843,27938722,143503341,195980906,34873,1109
20888,1.2,5.1,4.5,0.5484,0.0533,9.37,5.016,0.88,19.11,1.02,18.49,723,640,3,5,0.07,1,1.13,0.374,0.295,0.642,0.223,0.04,1882586,2600331,11684249,16167166,7672,423
20961,0.55,3.1,-999,0.3306,0.0338,16.77,5.027,0.86,14.14,1.13,13.76,500,534,4,8,0.13,0.28,0.799,0.255,0.162,0.193,0.113,0.023,1882586,2600331,11684249,16167166,21626,845
20966,1.1,10,5,0.9296,0.0936,-8.05,4.66,2.3,30.94,2.98,30.25,853,860,5,12,0.27,0.56,1.56,0.515,0.361,0.584,0.681,0.047,8686,51995,51995,112676,4184,317
21006,0.15,0.15,-999,0.3837,0.0389,143.81,5.877,4.73,16.51,5.39,14.78,1070,1015,33,23,3.35,0,1.91,1.14,2.32,2.05,0.646,0.05,1084765,2220911,10711050,14016726,29293,898
21165,0.9,6.5,4.5,0.5493,0.0609,-27.4,4.461,1.25,22.49,1.06,22.72,592,558,7,4,0.36,2.26,1.42,0.502,0.327,0.371,0.318,0.06,222279,219553,813550,1255381,696,106
21165,0.9,6.5,4.5,0.5493,0.0609,-27.4,4.461,1.25,22.49,1.06,22.72,592,558,7,4,0.36,2.26,1.42,0.502,0.327,0.371,0.318,0.06,222279,219553,813550,1255381,3491,264
21261,2.3,6.7,5.5,0.122,0.0116,0.58,5.192,0.8,5.88,1.08,6.17,342,351,3,2,0.1,0.42,0.343,0.114,0.04,0.236,0.037,0.019,494167,445792,2851137,3791096,5582,423
21519,0.38,3.3,-999,1.1166,0.1099,29.66,5.181,1.29,32.14,1.36,31.76,875,882,15,12,0.51,0.74,2.76,0.968,1.04,0.444,0.487,0.03,12517674,9111903,46802668,68432246,635439,6127
21519,0.38,3.3,-999,1.1166,0.1099,29.66,5.181,1.29,32.14,1.36,31.76,875,882,15,12,0.51,0.74,2.76,0.968,1.04,0.444,0.487,0.03,12517674,9111903,46802668,68432246,697,106
22177,0.5,0.5,-999,0.2062,0.0211,1911.97,7.011,26.12,8.38,25.58,8.94,524,570,12,6,0.28,2.48,27.5,6.51,1.81,0.855,0.293,0.02,37194229,68662446,224047167,329903842,4185,264
22221,0.3,0.6,-999,0.5013,0.0522,28.52,5.27,5.02,16.91,2.97,16.14,1279,1644.5,39,65,0.04,0,1.43,0.311,0,0.143,0.494,0.054,8619,26584,588453,623655,17437,581
22457,0.33,0.75,-999,0.9717,0.1115,551.19,6.363,9.1,31.9,9.42,29.89,1336,1336,34,39,0.21,0.28,10.5,3.03,0.849,0.317,1.35,1.29,36763174,60627952,167730304,265121431,2095,211
591300,2.15,2.5,-999,0.1055,0,2.9,5.163,0.64,5.7,0.83,5.4,454,569,7,15,0.54,1.69,0.649,0.207,0.269,0.313,0.1,0.031,139335,64259,642594,846189,781930,5493
607825,0.9,0.9,-999,0.3247,0.0291,86.28,5.898,2.06,13.01,2.3,12.43,920,835,20,19,0.8,1.86,1.75,0.653,0.481,1.66,0.193,0.042,14080,11233,89154,114467,103234,2007
968800,2.55,9.2,-999,0.0257,0,263.11,7.6,3.64,3.35,3.71,3.26,574,404,12,11,1.035,2.75,2.78,1.42,1.14,0.349,0.031,0.003,6702486,1308794,22447106,30458385,10364555,27784
969900,2.6,2.6,-999,0.0576,-999,42.13,6.519,0.93,4.52,1.04,4.47,456,380,13,7,1.16,2.57,1.11,0.49,0.769,1,0.083,0.006,370427,200894,714222,1285543,490357,3909
970000,4.18,9.8,9.25,0.0179,0,21.31,6.46,0.88,3.78,0.98,3.28,264,209,7,2,0.76,3.22,1.35,0.325,0.51,0.466,0.002,0,1160222,1246465,6589262,8995948,823777,6127
971000,1.45,3.45,-999,-0.0186,0.0235,44.9,5.937,1.06,9.63,1.33,9.46,454,504,12,10,0.12,0.26,0.949,0.39,0.259,0.226,0.688,0.019,31191,32594,115992,179776,147183,2007
971700,3.18,3.6,-999,0.059,0,11.77,5.819,0.5,5.13,0.57,5.09,292,285,6,4,0.13,2.17,0.875,0.277,0.228,0.491,0.028,0.006,12401790,8287668,43984751,64674208,1642692,12835
972100,4.8,5.8,-999,0.1089,0,82.58,6.768,1.73,5.42,1.6,5.08,686,544,2,8,0.39,1.58,-999,-999,-999,-999,-999,-999,274778540,405986377,2148343969,2829108886,1367175,8716
972200,1.5,1.5,-999,0.0324,0,-0.53,5.117,-999,-999,-999,-999,268,311,6,13,0.21,2.49,0.447,0.185,0.088,0.156,0.031,0.027,6336364,4774640,61784520,72895525,124853,1638
974900,1.45,3.5,-999,0.1613,0.0138,341.13,7.486,4.96,8.03,5,7.75,699,800,11,18,0.33,1.9,0.561,0.12,0.284,0.648,0.086,0.013,1106195,997450,17300824,19404469,3202348,15741
976100,3.33,4.5,-999,0.0411,0,134.56,7.522,2.13,4.05,2.34,3.88,379,399,4,9,0.51,1.74,1.55,1.05,0.939,0.126,0.044,0,39913934,30641776,293164048,363719758,3632710,14051
981200,5.18,8.05,-999,0.0171,0,43.3,6.866,1.05,3.81,1.15,3.38,319,304,7,3,0.35,2.14,1.2,0.363,0.352,0.404,-0.001,0,394074,22370,1901460,2317904,2081384,9983
984000,2.25,9.1,8,0.0691,0,305.69,7.343,4.12,6.28,4.47,6.07,484,619,5,11,0.36,0.28,4.51,1.4,2.59,0.579,0.086,0.005,36980504,18066234,205470659,260517397,260877,2905
989000,1.3,4.2,-999,0.0266,0,36.86,7.139,0.944,3.84,1.15,3.31,486,568,7,19,0.74,3.06,1.25,0.468,0.495,0.262,0.015,0.001,483752,513425,4662599,5659776,654271,4490
993500,2.1,2.1,-999,0.0609,-999,3,5.307,0.43,5.82,0.57,5.7,444,399,15,7,0.34,2.96,0.941,0.282,0.231,0.3,0.069,0.027,24192398,17090701,155726521,197009620,3529484,16005
994200,1.7,4.3,3.25,0.1856,0.016,0.7,5.174,0.53,7.916,0.73,7.6,412,417,2,8,0.64,1.34,-999,-999,-999,-999,-999,-999,273196122,405086901,2139697910,2817980933,103232,1796
998600,1.85,4.45,-999,0.0709,0,95.92,7.177,1.61,6.02,1.63,5.87,587,482,9,4,0.04,1.21,1.79,0.564,0.303,0.239,0.048,0.001,316060,39844,935995,1291899,784715,5441
998800,3.35,4.1,-999,0.0983,0,36.04,6.523,0.83,4.04,2.19,5.97,409,369,7,12,2.97,1.7,1.12,0.345,1.73,0.498,0.122,0.012,329972812,423949843,2354085178,3108007833,1748692,8188
999100,4.53,6.2,-999,0.0289,0,17.76,6.042,0.74,3.7,0.73,3.57,270,222,6,3,0.12,1.85,0.848,0.219,0.142,0.382,0.003,0.008,12401790,8287668,43984751,64674208,269246,2852
1001100,3.55,6.1,-999,0.0569,0,177.05,7.368,2.78,4.9,2.94,4.63,359,309,13,3,0.47,1.1,2.33,0.882,0.677,0.546,0.101,0.001,261037,0,741310,1002347,1002347,7078
1001300,2.7,2.7,-999,0.2651,0,28.07,6.701,0.8,2.93,0.95,2.84,319,499,2,8,0.4,2.52,1.16,0.339,0.26,0.464,0,0,2354238,2227824,29959318,34541380,1942600,8504
1007000,3,10.3,9,0.0356,0,24.07,6.225,-999,-999,-999,-999,354,279,4,5,0.23,2.11,0.882,0.258,0.081,0.452,0.014,0.01,2145026,426088,8406413,10977526,526639,3909
1007400,2.73,7.5,6.5,0.1226,0.0097,110.78,6.583,2.1,6.77,2.22,6.62,425,433,12,9,0.8,0.93,1.53,0.595,0.697,1.6,0.192,0.006,174056,129849,1158196,1462101,110900,1849
1008400,4.85,14.8,10,0.031,0,31.22,6.614,0.7,3.85,0.87,3.7,333,338,4,7,0.32,1.75,0.853,0.255,0.168,0.301,0.001,0,105277,0,615975,721252,721252,4913
1008500,2.83,3.65,-999,0.0039,0,11.32,6.016,0.76,6.13,1,5.82,409,419,12,5,1.38,1.74,0.833,0.314,0.669,0.571,0.049,0.009,173277,10445,5034437,5218159,2482469,9244
1009900,1.25,10.7,-999,0.0983,0,33.59,6.744,-999,-999,-999,-999,254,379,3,15,-999,-999,0.875,0.228,0.116,0.477,0,0.007,96038,46310,1049981,1192329,657057,5018
1013200,7.55,11.4,-999,0.0086,0,55.41,7.24,1.03,3.39,1.46,3.16,266,348,3,5,0.33,1.54,-999,-999,-999,-999,-999,-999,274778540,405986377,2148343969,2829108886,964658,7131
1018900,3.33,4.6,-999,0.0535,0,50.98,6.639,1.42,5.46,1,5.77,709,404,13,3.5,0.62,1.78,1.01,0.509,0.542,0.462,0.009,0,2460023,2172658,26091035,30723715,3641089,13311
1110100,1.98,2.5,-999,0.1417,0.0144,41.87,6.395,1.1,7.24,1.24,6.66,441.5,674,12,11,0.23,1.29,0.93,0.353,0.229,0.634,0.083,0.013,140360,159803,4725531,5025694,58582,1321
1110900,1.28,2.7,-999,0.2464,0.0244,10.45,5.254,0.54,11.94,0.8,11.62,664,609,17,5,0.16,0.49,0.573,0.193,0.172,0.61,0.125,0.018,130514,107714,4530313,4768541,66272,1321
1113500,1.5,1.5,-999,0.1197,0.0131,538.36,7.499,7.48,4.99,7.73,5.11,445,335,20,9,8.65,5.96,9.47,3.14,5.31,1.65,0.025,0.001,1706,0,1782,3488,3488,264
1113900,1.2,1.95,-999,0.1994,0.0232,13.06,5.367,1.06,9.55,1.28,9.24,589,469,13,4,0.47,1.1,0.669,0.222,0.205,0.643,0.157,0.03,12227420,15545398,138905933,166678751,42535,1162
1115800,0.58,4.45,-999,0.3597,0.0326,-13.73,4.689,0.53,12.68,0.73,12.94,335,458,30,7,0.18,0.65,0.466,0.246,0.228,0.639,0.258,0.034,58828,166249,928186,1153262,52322,1109
1115900,0.95,2.3,-999,0.434,0.0413,-27.87,4.484,1.17,13.92,1.53,13.81,510,441,7,6,0.27,1.32,0.39,0.176,0.147,0.435,0.292,0.018,1104,32778,78415,112297,79519,1796
1116000,0.45,2,-999,0.9117,0.084,-76.09,4.143,0.91,25.52,1.64,25.41,610,605,19,22,0.5,1.05,0.569,0.195,0.159,0.155,0.385,0.023,628532381,1494570243,7532200310,9655302934,553138,4384
1116500,1.35,1.9,-999,0.2968,0.0286,13.32,5.256,1.57,10,1.67,9.71,-999,-999,-999,-999,0.23,0.9,-999,-999,-999,-999,-999,-999,3589,3125,61282,67996,64871,1426
1116600,0.3,1.7,-999,0.9801,0.0966,-85.69,4.113,1.13,28.13,1.57,27.94,729,746,16,22,0.06,0.86,0.721,0.248,0.272,0.181,0.601,0.022,628532381,1494570243,7532200310,9655302934,25815,898
1122300,0.95,3,-999,0.2678,0.0316,26.51,5.427,1.38,12.4,2.08,11.29,900,895,31,17,0.27,0.11,0.756,0.255,0.065,0.514,0.104,0.027,36454,67886,317875,422215,21618,845
1125000,1.6,3.4,-999,0.2006,0.0215,22.54,5.637,1.19,7.7,1.41,7.36,381,327,15,8,1.16,0.42,0.55,0.227,0.672,1.11,0.087,0.012,628532381,1494570243,7532200310,9655302934,189724,2430
1125300,0.8,0.8,-999,0.3818,0.0419,126.18,6.753,3.55,9.86,4.57,8.91,1002,759,70,52,0.87,0.34,1.57,0.637,0.783,1.16,0.44,0.063,628532381,1494570243,7532200310,9655302934,59288,1373
1125400,0.9,1.3,-999,0.2284,0.0245,116.61,6.245,2.45,9.59,3.06,8.64,815.5,867,37,22,8.45,0.3,1.26,0.523,5.5,2.12,0.528,0.026,628532381,1494570243,7532200310,9655302934,61378,1638
1127100,1.53,8.15,6.5,0.1524,0.0154,57.2,5.809,2.22,0.8,1.73,8.25,417,441,12,12,0.12,0,1.09,0.307,0.287,0.597,0.295,0.024,38773,20195,1209790,1268758,1024664,6708
1129400,1.55,8.5,7,0.2214,0.0201,-20.82,4.654,0.74,9.67,0.88,9.99,274,235.5,10,4,0.12,1.28,0.461,0.134,0.06,0.253,0.158,0.009,58916547,145207420,570576770,774700736,83708,1373
1133400,1.65,3.4,-999,0.1469,0,23.44,5.613,0.91,8.53,1.3,8.07,544,1279,5,7,-999,-999,6.26,1.54,0.725,0.399,0.002,0.002,25256,53054,310258,388568,335514,3856
1138100,2.25,8.8,-999,0.0737,0.0101,81.74,6.255,1.82,7.25,2.1,6.58,494,534,22,16,0.28,0.17,1.15,0.311,0.109,0.978,0.083,0.04,2354238,2227824,29959318,34541380,80203,1585
1138400,4.3,7,6.5,0.0411,0,33.64,6.404,0.79,4.69,0.93,4.47,314,479,2,4,0.6,2.05,0.921,0.301,0.163,0.409,0.026,0.01,628532381,1494570243,7532200310,9655302934,210643,2218
1139900,1.35,3.9,3,0.2042,0.0179,287.37,6.733,4.02,7.66,4.28,7.28,424,509,7,10,0.78,0.27,3.25,1.38,1.28,0.463,1.03,0.019,2319474,3121463,13013545,18454481,61381,1268
1147500,1.2,2.6,-999,0.2536,0.0188,48.09,6.137,1.59,10.97,1.62,10.59,709,755,9,19,0.51,1.27,1.44,0.413,0.372,0.503,0.122,0.019,342533091,429135504,2396538063,3168206658,414339,3328
1149800,2.9,4.65,-999,0.1179,0.0089,11.06,5.533,1.02,6.62,1.02,6.47,319,344,10,5,0.065,0.415,0.439,0.172,0.2,0.498,0.03,0.02,273202895,405095796,2139724619,2818023310,33483,845
1153600,0.88,4,-999,0.1631,0.0167,544.36,8.554,7,7.32,7.79,6.87,604,509,26,31,0.67,2.07,7.7,2.54,1.33,0.535,0.477,0.021,273196122,405086901,2139697910,2817980933,225993,2430
1155000,0.45,7.65,5.5,0.9041,0.0877,120.68,6.23,2.25,20.42,2.39,20.24,758,695,33,29,0.21,0.76,2.61,0.993,0.69,0.511,3.01,0.052,273196122,405086901,2139697910,2817980933,1125804,6497
1161500,0.85,0.85,-999,-0.0002,0.0318,265.94,6.815,4.61,11.15,4.11,11.32,619,524,27,14,0.27,2.47,4.05,1.82,0.944,0.141,0.224,0.005,273196122,405086901,2139697910,2817980933,64190,1426
1162500,3.1,4.6,-999,0.0603,0,12.13,5.79,0.97,4.99,0.56,5.74,504,429,8,12,0.14,1.5,0.622,0.201,0.043,0.351,0.029,0.017,273196122,405086901,2139697910,2817980933,149260,2324
1162600,2.5,4,-999,0.1072,0,7.31,5.465,0.83,5.4,0.96,5.09,439,459,5,13,0.18,1.43,0.478,0.199,0.049,0.37,0.024,0.03,273196122,405086901,2139697910,2817980933,54407,1320
1163900,1,1,-999,-0.0039,0.0218,19.31,5.557,0.87,10.1,1.44,10.01,795,714,30,13,0.91,2.17,1.32,0.531,0.248,0.399,0.093,0.022,37357101,30121744,284762786,352241631,1099957,8557
1166500,0.7,0.7,-999,0.2428,0.0233,41.5,5.296,3.32,9.66,4.69,9.86,850,830,27,26,0.12,0.12,0.858,0.283,0.019,0.421,0.225,0.055,3566248,1526213,47263054,52355516,118569,1743
1172900,1.75,5.9,5.25,0.1594,0.0139,45.96,5.88,2.18,9.92,3.36,14.39,530,655,6,20,0.34,0.34,0.932,0.3,0.179,0.315,0.061,0.02,21405922,13845482,88421580,123672984,147191,1954
1173500,0.6,8.2,6,0.387,0.0369,9.55,5.122,0.96,11.13,0.8,10.85,416,436,6,6,0.35,1.54,0.879,0.282,0.274,0.453,0.45,0.021,306189,846657,5864769,7017616,170892,2166
1177100,0.6,1,0.75,0.7349,0.071,-53.24,4.302,0.94,27.71,1.04,27.11,870.5,760,8.5,12,0.55,1.51,0.878,0.271,0.101,0.574,0.276,0.027,9236,1586,93302,104124,102538,1690
1177300,3.1,4.8,-999,0.0737,0.0088,13.07,5.852,0.9,7.62,1.04,7.4,413,377,7,4,0.44,1.46,0.903,0.269,0.336,0.228,0.026,0.02,273196122,405086901,2139697910,2817980933,409441,4437
1178200,2.75,4.7,4,0.1094,0.0096,-4.88,5.015,0.67,5.19,0.82,4.96,334,314,8,11,0.21,2.65,0.731,0.265,0.156,0.3,0.109,0.027,9535430,6059261,72068024,87662715,1280639,8927
1178800,2.85,3.45,-999,0.0686,0,-6.17,5.039,0.46,4.72,0.54,4.3,429,329,10,7,0.17,3.18,0.672,0.258,0.182,0.297,0.102,0.025,72835,76133,1315244,1464212,157644,2430
1179000,3.33,8.75,-999,0.0355,0,12.17,5.867,0.67,4.58,0.74,4.6,349,309,5,2,0.17,2.14,0.933,0.28,0.117,0.314,0.028,0.011,177862,80370,1005841,1264072,901204,6497
1518500,0.35,0.35,-999,0.1412,0.0133,485.27,6.723,7.21,4.12,7.27,3.67,309,604,3.5,7,0.43,4.6,6.66,2.36,1.8,0.449,0.464,0,20227,20677,2907997,2948901,202979,3275
1518900,-999,2,-999,0.0347,0,991.34,7.466,13.5,1.31,13.4,0.97,274,124,42,23,0.83,4.21,12.6,4.75,2.13,0.842,0.006,0.038,2460023,2172658,26091035,30723715,25815,1004
1534800,2.65,6.5,-999,0.043,0,779.7,7.786,10.02,3.88,10.45,3.46,319,384,3,8,7.24,1.95,12.1,3.61,2.46,0.685,0.055,0.004,5854242,1996016,34694962,42545220,3937536,20759
1540400,4.14,4.28,-999,0.0379,0,1284.66,7.695,9.099,4.018,9.31,3.24,344,446.5,4,13.5,14.91,2.63,12.2,3.57,5.64,0.738,0.01,0.001,36371181,18001267,200381906,254754354,4864542,23453
1546000,1.7,2.4,-999,-0.0276,0.0082,669.62,7.486,9.03,5.56,9.51,5.34,674,479,23,11,3.6,0.67,8.02,3.4,2.53,0.461,0.188,0.002,342533091,429135504,2396538063,3168206658,4881,317
1546000,1.7,2.4,-999,-0.0276,0.0082,669.62,7.486,9.03,5.56,9.51,5.34,674,479,23,11,3.6,0.67,8.02,3.4,2.53,0.461,0.188,0.002,342533091,429135504,2396538063,3168206658,1254130,7607
1568900,2.9,4.7,-999,0.1116,0.0092,368.52,7.42,5.16,7.55,5.29,7.4,416,441,7,10,3.92,1.51,5.04,1.66,3.4,0.885,0.271,0.013,628532381,1494570243,7532200310,9655302934,3339050,12043
1580400,0.55,2.7,-999,0.5771,0.0555,256.09,6.807,3.33,14.51,3.6,14.62,750,820,29,51,3.32,1.95,4.89,1.86,3.45,0.776,1.56,0.04,628532381,1494570243,7532200310,9655302934,8365374,22396
1585600,0.53,1.3,-999,0.8105,0.0843,320.73,6.936,4.6,21.91,4.78,21.22,1033,942,38,22,0.27,0.5,5.13,1.98,1.52,0.415,2.08,0.038,282783045,455122740,2379843109,3117748894,14023730,36183
1587600,2.1,2.1,-999,0.0412,0,637.73,9.062,8.18,5.08,8.94,4.52,449,419,4,7,0.22,3.64,8.51,2.98,1.47,0.739,0.051,0.001,2842175,2460958,31389586,36692720,1918206,8346
1591100,2.25,9,-999,0.0546,0,682.89,7.665,9.04,3.41,9.57,3.1,279,294,4,15,3.28,3.88,10.3,2.95,2.23,0.642,0.007,0.001,273196122,405086901,2139697910,2817980933,41904472,70728
1598000,1.1,2.1,-999,0.2906,0.0252,320.71,7.205,4.34,10.29,4.59,10.58,510,510,16,21,7.5,2.93,5.73,2.24,3.71,0.65,0.976,0.027,273196122,405086901,2139697910,2817980933,24839602,53349
1600000,1.58,5.5,-999,0.121,0.0125,542.53,7.763,8.13,7.07,8.15,7.76,429,514,7.5,20,-999,-999,7.77,3.28,2.09,0.639,0.025,0.001,273196122,405086901,2139697910,2817980933,1526870,7025
1602600,5.35,9.2,-999,0.0416,0,603.89,7.677,8.12,3.82,8.69,3.67,338,626,3,28,1.55,2.58,-999,-999,-999,-999,-999,-999,14288423,10609998,85937531,110835953,20445128,39035
1605600,2.9,6,4.5,0.0193,0,576.88,8.193,7.84,3.44,8.12,3.33,309,289,5,8,1.67,3.55,7.48,3.07,1.45,0.586,0.007,0.004,735556,810498,3458672,5004726,2375077,9349
1606400,1.5,3.9,2.5,0.172,0.0155,14.37,5.591,1.05,7.06,1.06,7.25,579,739,15,36,0.38,1.23,0.619,0.225,0.118,0.498,0.148,0.039,43266,31663,270625,345554,313891,2852
1606700,4.6,5,4,0.0373,0,21.39,6.436,1.16,3.44,1.23,3.14,409,509,4,5,0.68,3.88,1.34,0.432,0.396,0.275,0,0.001,603434,405683,4555467,5564583,908185,6127
1609900,2.75,3.4,-999,0.0598,0,664.38,7.565,8.87,5.27,9.05,4.84,498.5,549,8.5,15,38.95,3.64,13,4.75,15.6,1.14,0.116,0.006,550306,147745,1492746,2190798,1675447,7765
1623800,3.3,11.4,-999,0.1018,0,860.27,8.027,11.17,3.24,11.43,2.91,294,294,5,8,3.52,2.84,11.4,4.1,2.96,0.745,0,0.003,17965399,6933758,98910490,123809647,6975,423
1623800,3.3,11.4,-999,0.1018,0,860.27,8.027,11.17,3.24,11.43,2.91,294,294,5,8,3.52,2.84,11.4,4.1,2.96,0.745,0,0.003,17965399,6933758,98910490,123809647,45529548,81133
1630100,4.2,24,14,0.0292,0,415.32,8.119,5.67,3.75,5.79,3.7,669,379,8,8,0.875,1.405,-999,-999,-999,-999,-999,-999,15446901,9033175,55445405,79925481,5094038,20441
1631500,2.8,4.85,-999,0.1082,0.0069,143.68,7.416,2.42,7.8,2.04,8.25,558,541,10,11,0.62,2.08,2.73,0.926,0.549,0.315,0.01,0,37668406,61333349,170845631,269847385,328557,3169
1631700,3.18,8.5,7.5,0.1009,0.011,533.55,8.053,7.08,7.98,7.33,7.54,323,377,6,4,0.72,2.1,7.33,2.41,1.29,0.499,0.106,0.002,36982910,60944706,168591047,266518663,26505,740
1631700,3.18,8.5,7.5,0.1009,0.011,533.55,8.053,7.08,7.98,7.33,7.54,323,377,6,4,0.72,2.1,7.33,2.41,1.29,0.499,0.106,0.002,36982910,60944706,168591047,266518663,1080479,6972
1832500,1.55,2.95,-999,0.1815,0.0235,127.89,6.247,2.47,9.3,2.55,8.75,320,530,4,6,0.11,0.08,1.975,0.592,0.582,0.531,0.759,0.023,370014,220577,7019528,7610119,1483639,8399
1834600,1.55,2.3,-999,0.24,0.0238,179.09,6.744,2.39,11.48,2.78,11.26,-999,562,-999,9,0.82,1.85,-999,-999,-999,-999,-999,-999,614402,1075405,3736026,5425833,200182,2535
1843700,2.78,8.35,7.5,0.0916,0.0114,245.44,6.985,3.7,6.15,3.8,5.4,310,315,9,6,0.56,0.38,2.96,1.46,0.828,0.514,0.144,0.002,84018,40145,338675,462839,341774,3169
1846900,2.9,7.2,-999,0.035,0,41.15,6.326,0.86,3.69,1.06,3.35,432,438,5,7,0.2,2.16,1.16,0.281,0.172,0.378,0.015,0.003,1695399,266931,10496595,12458925,697,106
1846900,2.9,7.2,-999,0.035,0,41.15,6.326,0.86,3.69,1.06,3.35,432,438,5,7,0.2,2.16,1.16,0.281,0.172,0.378,0.015,0.003,1695399,266931,10496595,12458925,699,106
1846900,2.9,7.2,-999,0.035,0,41.15,6.326,0.86,3.69,1.06,3.35,432,438,5,7,0.2,2.16,1.16,0.281,0.172,0.378,0.015,0.003,1695399,266931,10496595,12458925,959076,5229
1857300,0.4,3.2,-999,1.0194,0.1058,25.41,5.27,0.77,24.53,1.12,23.94,849,730,21,8,0.1,1.12,1.925,0.786,0.618,0.408,0.807,0.045,36480,22811,22811,82101,59290,1215
1859800,1.95,5.1,-999,0.1471,0.0141,19.94,5.67,0.64,6.74,1.31,7.1,409,409,5,9,0.14,1.36,0.742,0.259,0.102,0.43,0.102,0.026,65169,207331,638628,911128,541279,5176
1861500,1.88,5.75,-999,0.0993,0.0074,252.46,7.607,4.28,5.65,4.48,5.14,284,334,7,11,0.27,2.14,5.855,1.395,0.895,0.402,0.108,0,84722204,80273737,432095773,597091714,644519,5282
1867700,1.55,3.25,-999,-0.0297,0.0115,11.37,5.521,0.84,7.78,1.08,7.83,491,436,9,6,0.36,1.46,0.818,0.272,0.177,0.473,0.071,0.031,62172,51682,377244,491099,439417,4701
1871700,1.1,6,4.5,0.2115,0.0204,23.87,6.131,0.73,7.97,0.51,8.14,444,416,9,14,0.23,1.69,1.005,0.433,0.233,0.313,0.222,0.013,127910,225978,1206458,1560346,855166,4595
1872000,1.93,3.65,-999,0.0781,0.0079,15.61,5.785,1.01,9.58,0.99,6.77,556,514,15,5,0.21,1.35,0.818,0.238,0.202,0.414,0.017,0.016,456163,278377,5360482,6095022,239253,2747
1875400,0.75,1.8,-999,0.6108,0.0651,106.01,6.32,2.56,19.83,2.69,19.06,892,953,31,27,1.13,1.08,2.78,1.11,1.16,0.394,0.357,0.011,23783,0,40398,64181,64181,1321
1879100,4.3,5.35,-999,0.0447,0,3.31,5.594,0.6,5.3,0.56,4.64,261,275,10,3,0.11,2.59,0.795,0.259,0.157,0.391,0.036,0.03,390607,204339,3482743,4077690,2310905,11515
1880700,1.5,2,-999,0.0905,0,217.12,7.075,3.33,-999,3.35,7.02,451,491,14,14,0.28,1.83,3.53,1.05,0.55,0.376,0.193,0.008,511080,372360,1633158,2516599,2144239,8240
1885100,2.3,7,6,0.0712,0,29.77,6.225,1.72,7.19,0.96,5.73,359,431,7,12,0.21,1.12,0.903,0.31,0.128,0.475,0.065,0.015,1510753,499198,7066693,9076645,294348,3486
1885500,0.73,1.5,-999,0.4072,0.0375,121.43,6.286,2,16.63,2.14,16.33,677.5,642,14,9,0,0,2.83,1.18,0.738,0.384,0.559,0.023,457365,3238624,6593219,10289208,3911728,13628
1886100,3.05,8,7.5,0.0214,0,397.63,7.592,5.35,4.96,5.45,4.8,409,544,4,8,0.42,1.04,5.44,1.58,0.958,0.41,0.057,0,55002060,23383803,244434124,322819986,815396,6022
2000000,0.63,1.1,-999,0.4799,0.0501,-18.02,4.665,0.97,22.4,2.88,20.74,1389,821,49,13,0,0,0.981,0.284,0.104,0.063,0.253,0.025,1969,51069,106839,159877,108808,1637
2002700,0.5,0.5,-999,-0.0255,0.013,25.47,5.348,2.42,12.27,3.14,11.82,697,610,10,2,1.02,0,0.93,0.274,0.582,0.268,0.082,0.047,195874,148304,1866700,2210878,427590,5018
2012300,0.48,5,4.5,0.7383,0.0716,-71.74,4.093,1.33,25.12,1.62,25.3,535,520,7,4,0,0.45,0.438,0.128,0.209,0.561,0.302,0.005,1982,6569,18248,26800,20230,1057
2012700,0.95,2.5,-999,0.3252,0.0327,71.25,5.739,2.67,13.76,3.11,13.48,781,631,22,10,0.13,0,1.39,0.366,0.162,0.004,0.192,0.077,6765,4492,10671,21928,17436,687
2015100,3.28,3.45,-999,0.0514,0,-0.79,5.075,0.435,4.757,0.67,4.13,449,359,7,3,0.22,1.95,0.467,0.202,0.035,0.309,0.026,0.031,188102094,160201488,903322324,1251625905,375256,3698
2016000,4.5,5.75,-999,0.0196,0,16.4,6.374,0.64,2.98,0.78,2.76,274,304,5,10,0.19,2.38,0.984,0.237,0.145,0.342,0.013,0.003,37131534,19271581,209098846,265501961,193909,2271
2017500,1.25,2.5,-999,0.2048,0.0191,5.45,5.09,0.69,8.06,0.93,8.37,454,434,9,12,0.145,0.905,0.938,0.229,0.231,0.357,0.19,0.027,26754005,14027209,143746156,184527369,90674,1849
2020500,1.78,2.3,-999,0.098,0.0129,676.71,7.601,9.01,7.94,9.24,7.62,476,449,16,12,1.67,1.45,9.9,3.42,1.77,0.376,0.167,0.012,1669,0,17164,18833,18833,740
2025330,0.5,3,-999,0.4399,0.0379,16.68,5.456,0.72,12.14,1.45,12.56,978,959,28,29,0.22,0.36,0.781,0.243,0.12,0.45,0.246,0.022,1707113,280379,10612530,12600022,127649,2113
2026800,1.55,3.15,-999,0.3236,0.0348,-10.12,4.774,1.02,13.47,1.34,13.17,465,402,10,4,0.09,0,0.48,0.14,0.228,0.658,0.123,0.03,2857,4407,12485,19749,15342,687
2034000,2,3.1,-999,0.1444,0.0107,-3.32,4.959,1.73,6.61,1.95,6.68,233,219,4,0,0,0,0.496,0.126,0.101,0.279,0.067,0.017,26491748,69883145,252678047,349052941,34187,1109
2037400,0.8,4,3,0.428,0.0359,28.86,5.583,0.86,14.01,1.78,13.15,704,745,35,34,0.31,0.33,0.945,0.257,0.07,1.14,0.144,0.035,4667,34451,277832,316949,282498,3117
2046100,3.5,5.95,-999,0.0266,0,72.45,6.78,1.38,4.99,1.47,4.75,397,465,7,12,0.17,2.21,1.97,0.567,0.339,0.389,0.074,0.01,150338,0,2405383,2555721,699,106
2046100,3.5,5.95,-999,0.0266,0,72.45,6.78,1.38,4.99,1.47,4.75,397,465,7,12,0.17,2.21,1.97,0.567,0.339,0.389,0.074,0.01,150338,0,2405383,2555721,1328783,8663
2295400,3.65,4.45,-999,0.0767,0,65.86,6.262,1.46,5.63,1.8,5.44,376,345,11,6,0.19,1.24,1.32,0.477,0.364,0.375,0.066,0.005,470674,83017,1632367,2186058,251117,3222
2300600,1.43,3.8,-999,0.1885,0.014,815.12,7.647,10.56,10.82,10.6,10.73,556,402,19,5,0.87,2.08,13.3,3.46,1.61,0.656,0.078,0.005,33031807,103606161,389002961,525640929,3638317,12466
2311700,1.3,5.25,-999,0.001,0.026,628.15,7.46,8.27,11.78,8.4,11.65,599,567,16,13,0.83,1.94,10.5,2.81,1.4,0.633,0.196,0.039,3849913,7761225,22884182,34495320,7103589,22291
2312100,1.8,9.3,8.5,0.1329,0.0136,469.5,8.33,6.33,9.1,6.44,9.08,525,417,10,2,0.54,1.71,7.58,2.17,1.18,0.467,0.006,0.002,3260938,5431293,14717096,23409327,1398,159
2312100,1.8,9.3,8.5,0.1329,0.0136,469.5,8.33,6.33,9.1,6.44,9.08,525,417,10,2,0.54,1.71,7.58,2.17,1.18,0.467,0.006,0.002,3260938,5431293,14717096,23409327,3678762,17537
2312500,0.5,2.6,-999,0.6907,0.0742,324.78,7.017,4.63,18,4.72,16.9,714,623,29,21,0.36,0.85,6.26,1.68,0.893,0.482,1.51,0.048,36877749,123399360,428532624,588809733,4674819,14051
2313100,1.78,4.8,-999,0.0651,0.0098,1054.54,8.308,13.41,6.71,13.62,6.41,423,345,16,6,2.18,1.15,16.2,3.88,1.74,0.647,0.043,0.011,36787679,118189306,417926138,572903123,976550,6022
2316800,3,8.8,7.5,0.102,0.0093,78.77,6.341,1.49,8.26,1.55,8.16,372,382,5,1,0.85,0.83,1.375,0.576,1.01,0.526,0.099,0.008,201190529,173574420,962169528,1336934477,2320627,10987
2320800,2.15,13.1,12,0.063,0,1217.86,8.311,15.12,3.56,15.34,3.55,411,279,10,9,3.61,2.51,18.7,4.2,2.51,0.964,0.004,0.007,94965878,37952821,340604105,473522805,12649674,28207
2321400,3.95,20.4,13,0.0429,0,168.76,7.278,2.35,4.55,2.52,4.43,333,279,6,6,0.38,1.69,2.78,0.769,0.44,0.466,0.007,0.002,13863215,1737171,21764910,37365296,4399297,14315
2323400,2.95,6.9,6.5,0.0521,0,959.87,7.988,0.51,3.15,0.83,2.41,401.5,674,9,16,0.57,0.93,14.8,2.9,1.45,0.636,0.037,0.002,55569532,23662129,245955033,325186694,2088381,10459
2326100,1,2.5,-999,0.4927,0.0496,223.86,6.759,3.26,17.92,3.09,17.64,771,795,6,16,0.61,0.49,4.74,1.36,1.33,0.345,0.424,0.049,17069049,45284101,145361487,207714637,1071402,7976
2327200,3.2,3.2,-999,0.0742,0,753.09,7.687,9.82,4.47,10.26,4.2,294,311.5,4,8,1.55,2.63,11.6,2.86,1.59,0.739,0.064,0.008,215380376,210462496,1082053734,1507896606,2618502,13470
2329300,4.25,8.75,-999,0.0687,0,700.18,7.651,9.26,4.92,9.42,4.72,374,384,41,3,1.25,2.54,10.8,2.68,1.46,0.738,0.101,0.013,164203558,140933929,794733711,1099871198,3263733,12941
2330500,1.7,1.7,-999,0.1291,0.0106,744.11,7.175,-999,-999,-999,-999,279,317,4,13,3.93,3.12,12.4,3.045,1.705,0.667,0.047,0.004,114108255,95079058,551779790,760967104,1769612,11251
2334700,2.45,2.45,-999,0.1024,0,1137.16,8.803,14.47,5.36,14.97,4.94,354,304,4,5,0.96,2.47,17.3,4,1.4,0.803,0.02,0.023,30994329,27011388,132472805,190478522,17194036,49864
2337600,1.8,3.45,-999,0.1958,0.0235,48.75,6.315,0.85,10.88,1.19,10.37,524,668.5,12,14,1.17,2.36,1.89,0.642,1.18,0.248,0.061,0.014,176036,370380,2010013,2556430,453392,3962
2339800,5.25,10.9,-999,0.029,0,302.89,8.337,5.422,4.406,5.71,3.89,349,279,9,4,0.31,1.52,6.11,1.64,0.828,0.452,0.019,0,84722204,80273737,432095773,597091714,2916380,10406
2339900,3.38,8,-999,0.0808,0.006,345.09,7.492,5.24,5.55,5.39,5.1,404,594,11,31,0.23,1.53,5.41,1.63,0.859,0.528,0.168,0.003,16982168,5844812,82477925,105304905,4148184,14632
2758200,4.4,7.7,-999,0.0344,0,30.34,6.588,0.73,3.67,0.74,3.43,247,290,3,2,0.18,1.64,0.923,0.253,0.241,0.351,0,0.002,789041,1095700,7430545,9315285,384324,3592
2759400,1.2,2.6,-999,0.2731,0.0263,25.73,5.634,1.34,10.97,1.46,10.94,631,677.5,15,11,0.21,1.08,1.32,0.373,0.432,0.294,0.251,0.034,644017,1095700,7191245,8930961,1094429,6497
2768200,4.05,6.3,5.5,0.0513,0,21.93,6.182,0.78,4.36,0.74,4.27,384,319,5,5,1.18,1.65,0.868,0.265,0.675,0.405,0.01,0.004,15446901,9033175,55445405,79925481,697,106
2768200,4.05,6.3,5.5,0.0513,0,21.93,6.182,0.78,4.36,0.74,4.27,384,319,5,5,1.18,1.65,0.868,0.265,0.675,0.405,0.01,0.004,15446901,9033175,55445405,79925481,699,106
2768200,4.05,6.3,5.5,0.0513,0,21.93,6.182,0.78,4.36,0.74,4.27,384,319,5,5,1.18,1.65,0.868,0.265,0.675,0.405,0.01,0.004,15446901,9033175,55445405,79925481,966078,5705
2779500,1.33,10.1,7.5,0.2447,0.0272,54.46,6.33,0.97,10.47,1.08,9.82,428,381,12,8,0.17,1.62,1.61,0.517,0.474,0.586,0.225,0.047,1462077,4880015,14131769,20473862,144387,2166
2782200,2.25,3.3,-999,0.1051,0.011,97.68,6.254,1.62,7.58,2.11,6.76,374.5,402,11.5,10,25.09,0.16,2.26,0.849,14.25,0.521,0.041,0.011,7435,7514,21165,36114,28600,1004
2949200,1.45,7.1,4,0.2903,0.0269,440.96,7.723,6.2,12.53,5.83,12.53,491,550.5,6,13.5,0.63,0.23,8.21,2.27,2.49,0.577,0.118,0.001,1588029,6320230,21984089,29892348,19569068,43473
2954700,0.86,4.6,-999,0.4072,0.043,57.84,6.235,1.04,15.22,1.15,14.92,470,481,7,8,1.49,0.58,1.81,0.676,1.39,0.285,0.185,0.025,202939,576820,2056355,2836115,1222780,7025
