cruise,station,latitude,longitude,bottomdepth,niskin,pressure,sample_id,doc,salinity,temperature,date
2,6.01,68.5053333333333,-26.0091666666667,369,8,27,178,78.1831655094653,31.17999778012,1.3798,2012-09-11
2,5.01,70.6198333333333,-20.4548333333333,259,8,10,170,NA,29.613113333744,0.3221,2012-09-10
2,5.01,70.6198333333333,-20.4548333333333,259,4,50,173,NA,32.954171215056,-1.6044,2012-09-10
2,4.01,71.984,-18.0546666666667,929,2,750,119,55.1603989797108,34.926821353048,0.4692,2012-09-09
2,3.03,73.3905,-15.0073333333333,2133,5,801,93,54.1478154901176,34.912801807928,-0.1968,2012-09-08
2,1.14,66.921,-25.7328333333333,820,12,6,52,71.0971654254097,31.74778935748,4.3582,2012-09-05
2,1.1,67.9846666666667,-28.7458333333333,224,6,39,17,81.1486114811691,31.825597832896,0.3085,2012-09-04
2,1.1,67.9846666666667,-28.7458333333333,224,5,61,18,77.1880274818755,32.454374431528,-1.323,2012-09-04
2,1.1,67.9846666666667,-28.7458333333333,224,3,142,20,62.336250392612,33.968986002528,-1.3712,2012-09-04
2,NA,65.6715,-25.0363333333333,NA,2,75,NA,NA,35.088046121928,8.7828,2012-09-03
2,NA,65.6715,-25.0363333333333,NA,4,51,NA,NA,35.05690270384,9.2076,2012-09-03
2,NA,65.6715,-25.0363333333333,NA,6,33,NA,NA,35.015945604168,10.7298,2012-09-03
2,NA,65.6715,-25.0363333333333,NA,8,26,NA,NA,34.956562816624,11.3186,2012-09-03
2,NA,65.6715,-25.0363333333333,NA,10,10,NA,NA,34.853419020384,11.3883,2012-09-03
2,NA,65.6715,-25.0363333333333,NA,12,6,NA,NA,34.858726419608,11.3861,2012-09-03
2,1.01,65.6583333333333,-25.034,81,1,32,NA,NA,34.964373706048,11.3886,2012-09-03
2,NA,65.6583333333333,-25.034,NA,2,32,NA,NA,34.964373706048,11.3886,2012-09-03
2,NA,65.6583333333333,-25.034,NA,3,32,NA,NA,34.964373706048,11.3886,2012-09-03
2,NA,65.6583333333333,-25.034,NA,4,32,NA,NA,34.964373706048,11.3886,2012-09-03
2,NA,65.6583333333333,-25.034,NA,5,32,NA,NA,34.964373706048,11.3886,2012-09-03
2,NA,65.6583333333333,-25.034,NA,6,32,NA,NA,34.964373706048,11.3886,2012-09-03
2,1.01,65.6583333333333,-25.034,81,7,6,NA,NA,34.847310504296,11.4039,2012-09-03
2,NA,65.6583333333333,-25.034,NA,8,5,NA,NA,34.847310504296,11.4007,2012-09-03
2,NA,65.6583333333333,-25.034,NA,9,5,NA,NA,34.847310504296,11.4007,2012-09-03
2,NA,65.6583333333333,-25.034,NA,10,6,NA,NA,34.847310504296,11.4039,2012-09-03
2,NA,65.6583333333333,-25.034,NA,11,5,NA,NA,34.847310504296,11.4007,2012-09-03
2,NA,65.6583333333333,-25.034,NA,12,5,NA,NA,34.847310504296,11.4007,2012-09-03
2,NA,65.9143333333333,-25.8333333333333,NA,2,183,NA,NA,35.191790755816,6.8309,2012-09-03
2,NA,65.9143333333333,-25.8333333333333,NA,4,100,NA,NA,35.204808904856,7.1091,2012-09-03
2,NA,65.9143333333333,-25.8333333333333,NA,6,51,NA,NA,35.205509882112,7.4779,2012-09-03
2,NA,65.9143333333333,-25.8333333333333,NA,8,35,NA,NA,35.213821469576,8.5628,2012-09-03
2,NA,65.9143333333333,-25.8333333333333,NA,12,5,NA,NA,35.127801546304,9.814,2012-09-03
2,1.02,65.9125,-25.834,204,1,12,NA,NA,35.130805734544,9.8269,2012-09-03
2,NA,65.9125,-25.834,NA,2,12,NA,NA,35.130805734544,9.8269,2012-09-03
2,NA,65.9125,-25.834,NA,3,12,NA,NA,35.130805734544,9.8269,2012-09-03
2,NA,NA,NA,NA,4,NA,NA,NA,NA,NA,NA
2,NA,NA,NA,NA,5,NA,NA,NA,NA,NA,NA
2,NA,65.9125,-25.834,NA,6,12,NA,NA,35.130805734544,9.8269,2012-09-03
2,NA,65.9125,-25.834,NA,7,12,NA,NA,35.130805734544,9.8269,2012-09-03
2,NA,NA,NA,NA,8,NA,NA,NA,NA,NA,NA
2,NA,65.9125,-25.834,NA,9,12,NA,NA,35.130805734544,9.8269,2012-09-03
2,NA,65.9125,-25.834,NA,10,12,NA,NA,35.130805734544,9.8269,2012-09-03
2,NA,NA,NA,NA,11,NA,NA,NA,NA,NA,NA
2,NA,65.9125,-25.834,NA,12,12,NA,NA,35.130805734544,9.8269,2012-09-03
2,NA,67.9846666666667,-28.7458333333333,NA,9,20,NA,NA,31.094778973712,4.3374,2012-09-04
2,NA,67.9846666666667,-28.7458333333333,NA,11,5,NA,NA,31.08686794468,4.3788,2012-09-04
2,NA,67.9846666666667,-28.7458333333333,NA,12,5,NA,NA,31.08686794468,4.3788,2012-09-04
2,1.1,67.9925,-28.7616666666667,224,1,40,NA,NA,32.098478264696,-0.5453,2012-09-04
2,NA,67.9925,-28.7616666666667,NA,2,41,NA,NA,32.127418611408,-0.6159,2012-09-04
2,NA,67.9925,-28.7616666666667,NA,3,40,NA,NA,32.098478264696,-0.5453,2012-09-04
2,NA,67.9925,-28.7616666666667,NA,4,40,NA,NA,32.098478264696,-0.5453,2012-09-04
2,NA,67.9925,-28.7616666666667,NA,5,41,NA,NA,32.127418611408,-0.6159,2012-09-04
2,NA,67.9925,-28.7616666666667,NA,6,41,NA,NA,32.127418611408,-0.6159,2012-09-04
2,NA,67.9925,-28.7616666666667,NA,7,40,NA,NA,32.098478264696,-0.5453,2012-09-04
2,NA,67.9925,-28.7616666666667,NA,8,40,NA,NA,32.098478264696,-0.5453,2012-09-04
2,1.1,67.9925,-28.7616666666667,224,9,5,NA,NA,31.091674645864,4.3436,2012-09-04
2,NA,67.9925,-28.7616666666667,NA,10,5,NA,NA,31.091674645864,4.3436,2012-09-04
2,NA,67.9925,-28.7616666666667,NA,11,5,NA,NA,31.091674645864,4.3436,2012-09-04
2,NA,67.9925,-28.7616666666667,NA,12,6,NA,NA,31.091474366648,4.3442,2012-09-04
2,1.1,68.0128333333333,-28.7635,224,1,76,NA,NA,32.9534702378,-1.5817,2012-09-04
2,NA,68.0128333333333,-28.7635,NA,2,76,NA,NA,32.9534702378,-1.5817,2012-09-04
2,NA,68.0128333333333,-28.7635,NA,3,74,NA,NA,32.927834498152,-1.5682,2012-09-04
2,NA,68.0128333333333,-28.7635,NA,4,74,NA,NA,32.927834498152,-1.5682,2012-09-04
2,NA,68.0128333333333,-28.7635,NA,5,77,NA,NA,32.972596902928,-1.5865,2012-09-04
2,NA,68.0128333333333,-28.7635,NA,6,74,NA,NA,32.927834498152,-1.5682,2012-09-04
2,NA,68.0128333333333,-28.7635,NA,7,74,NA,NA,32.927834498152,-1.5682,2012-09-04
2,NA,68.0128333333333,-28.7635,NA,8,76,NA,NA,32.9534702378,-1.5817,2012-09-04
2,1.1,68.0128333333333,-28.7635,224,9,64,NA,NA,32.762904563776,-1.5424,2012-09-04
2,NA,68.0128333333333,-28.7635,NA,10,63,NA,NA,32.759900375536,-1.5454,2012-09-04
2,NA,68.0128333333333,-28.7635,NA,11,62,NA,NA,32.759299537888,-1.5481,2012-09-04
2,NA,68.0128333333333,-28.7635,NA,12,61,NA,NA,32.747583203752,-1.5491,2012-09-04
2,NA,67.755,-28.08,NA,9,21,NA,NA,31.69972234564,1.1943,2012-09-04
2,NA,67.755,-28.08,NA,12,5,NA,NA,30.72686605392,4.0714,2012-09-04
2,NA,67.5335,-27.2911666666667,NA,9,6,NA,NA,30.507460172792,4.7214,2012-09-04
2,NA,67.5335,-27.2911666666667,NA,10,5,NA,NA,30.507760591616,4.7271,2012-09-04
2,NA,67.5335,-27.2911666666667,NA,11,6,NA,NA,30.507460172792,4.7214,2012-09-04
2,NA,67.5335,-27.2911666666667,NA,12,5,NA,NA,30.507760591616,4.7271,2012-09-04
2,1.12,67.5386666666667,-27.3131666666667,262,1,81,NA,NA,33.611287322752,-1.52,2012-09-05
2,1.12,67.5386666666667,-27.3131666666667,262,2,46,NA,NA,32.75369171984,-0.4802,2012-09-05
2,NA,67.5386666666667,-27.3131666666667,NA,3,47,NA,NA,32.902699456544,-0.8118,2012-09-05
2,NA,67.5386666666667,-27.3131666666667,NA,4,47,NA,NA,32.902699456544,-0.8118,2012-09-05
2,NA,67.5386666666667,-27.3131666666667,NA,5,45,NA,NA,32.737869661776,-0.4361,2012-09-05
2,NA,67.5386666666667,-27.3131666666667,NA,6,45,NA,NA,32.737869661776,-0.4361,2012-09-05
2,NA,67.5386666666667,-27.3131666666667,NA,7,47,NA,NA,32.902699456544,-0.8118,2012-09-05
2,1.12,67.5386666666667,-27.3131666666667,262,8,10,NA,NA,30.518275250456,4.6188,2012-09-05
2,NA,67.5386666666667,-27.3131666666667,NA,9,10,NA,NA,30.518275250456,4.6188,2012-09-05
2,NA,67.5386666666667,-27.3131666666667,NA,10,11,NA,NA,30.55212243796,4.5899,2012-09-05
2,NA,67.5386666666667,-27.3131666666667,NA,11,11,NA,NA,30.55212243796,4.5899,2012-09-05
2,NA,67.5386666666667,-27.3131666666667,NA,12,10,NA,NA,30.518275250456,4.6188,2012-09-05
2,NA,67.1635,-26.3781666666667,NA,1,602,NA,NA,34.923116187552,0.6287,2012-09-05
2,NA,67.1635,-26.3781666666667,NA,12,5,NA,NA,30.866961365512,4.5742,2012-09-05
2,1.13,67.1686666666667,-26.4565,634,1,25,NA,NA,31.221155159008,1.6066,2012-09-05
2,NA,67.1686666666667,-26.4565,NA,2,25,NA,NA,31.221155159008,1.6066,2012-09-05
2,NA,67.1686666666667,-26.4565,NA,3,26,NA,NA,31.378474483176,1.0277,2012-09-05
2,NA,67.1686666666667,-26.4565,NA,4,26,NA,NA,31.378474483176,1.0277,2012-09-05
2,NA,67.1686666666667,-26.4565,NA,5,26,NA,NA,31.378474483176,1.0277,2012-09-05
2,NA,67.1686666666667,-26.4565,NA,6,26,NA,NA,31.378474483176,1.0277,2012-09-05
2,1.13,67.1686666666667,-26.4565,634,7,10,NA,NA,30.145856048304,3.6033,2012-09-05
2,NA,67.1686666666667,-26.4565,NA,8,10,NA,NA,30.145856048304,3.6033,2012-09-05
2,NA,67.1686666666667,-26.4565,NA,9,10,NA,NA,30.145856048304,3.6033,2012-09-05
2,NA,67.1686666666667,-26.4565,NA,10,11,NA,NA,30.150262191056,3.5401,2012-09-05
2,NA,67.1686666666667,-26.4565,NA,11,11,NA,NA,30.150262191056,3.5401,2012-09-05
2,NA,67.1711666666667,-26.4905,NA,1,501,NA,NA,34.926520934224,0.9642,2012-09-05
2,NA,67.1711666666667,-26.4905,NA,2,501,NA,NA,34.926520934224,0.9642,2012-09-05
2,NA,67.1711666666667,-26.4905,NA,3,499,NA,NA,34.926120375792,0.9774,2012-09-05
2,NA,67.1711666666667,-26.4905,NA,4,497,NA,NA,34.926120375792,0.9801,2012-09-05
2,NA,67.1711666666667,-26.4905,NA,5,498,NA,NA,34.926320655008,0.9803,2012-09-05
2,NA,67.1711666666667,-26.4905,NA,6,500,NA,NA,34.926120375792,0.9726,2012-09-05
2,NA,67.1711666666667,-26.4905,NA,7,501,NA,NA,34.926520934224,0.9642,2012-09-05
2,NA,67.1711666666667,-26.4905,NA,8,499,NA,NA,34.926120375792,0.9774,2012-09-05
2,NA,67.1711666666667,-26.4905,NA,9,497,NA,NA,34.926120375792,0.9801,2012-09-05
2,NA,67.1711666666667,-26.4905,NA,10,497,NA,NA,34.926120375792,0.9801,2012-09-05
2,NA,67.1711666666667,-26.4905,NA,11,499,NA,NA,34.926120375792,0.9774,2012-09-05
2,NA,67.1711666666667,-26.4905,NA,12,501,NA,NA,34.926520934224,0.9642,2012-09-05
2,NA,67.1735,-26.544,NA,1,351,NA,NA,34.933530706784,1.5445,2012-09-05
2,NA,67.1735,-26.544,NA,2,351,NA,NA,34.933530706784,1.5445,2012-09-05
2,NA,67.1735,-26.544,NA,3,351,NA,NA,34.933530706784,1.5445,2012-09-05
2,NA,67.1735,-26.544,NA,4,351,NA,NA,34.933530706784,1.5445,2012-09-05
2,NA,67.1735,-26.544,NA,5,351,NA,NA,34.933530706784,1.5445,2012-09-05
2,NA,67.1735,-26.544,NA,6,86,NA,NA,33.483108624512,-1.6276,2012-09-05
2,NA,67.1735,-26.544,NA,7,85,NA,NA,33.462079306832,-1.6269,2012-09-05
2,NA,67.1735,-26.544,NA,8,85,NA,NA,33.462079306832,-1.6269,2012-09-05
2,NA,67.1735,-26.544,NA,9,31,NA,NA,31.830604813296,0.1748,2012-09-05
2,NA,67.1735,-26.544,NA,10,31,NA,NA,31.830604813296,0.1748,2012-09-05
2,NA,67.1735,-26.544,NA,11,30,NA,NA,31.831005371728,0.2355,2012-09-05
2,NA,67.1735,-26.544,NA,12,31,NA,NA,31.830604813296,0.1748,2012-09-05
2,NA,67.1671666666667,-26.6298333333333,NA,1,357,NA,NA,34.935934057376,1.3428,2012-09-05
2,NA,67.1671666666667,-26.6298333333333,NA,2,358,NA,NA,34.936034196984,1.3435,2012-09-05
2,NA,67.1671666666667,-26.6298333333333,NA,3,360,NA,NA,34.935132940512,1.3272,2012-09-05
2,NA,67.1671666666667,-26.6298333333333,NA,4,360,NA,NA,34.935132940512,1.3272,2012-09-05
2,NA,67.1671666666667,-26.6298333333333,NA,5,60,NA,NA,32.8383096886,-1.5535,2012-09-05
2,NA,67.1671666666667,-26.6298333333333,NA,6,59,NA,NA,32.835605919184,-1.5523,2012-09-05
2,NA,67.1671666666667,-26.6298333333333,NA,7,59,NA,NA,32.835605919184,-1.5523,2012-09-05
2,NA,67.1671666666667,-26.6298333333333,NA,8,60,NA,NA,32.8383096886,-1.5535,2012-09-05
2,NA,67.1671666666667,-26.6298333333333,NA,9,61,NA,NA,32.852429373328,-1.5564,2012-09-05
2,NA,67.1671666666667,-26.6298333333333,NA,10,61,NA,NA,32.852429373328,-1.5564,2012-09-05
2,NA,67.1671666666667,-26.6298333333333,NA,11,60,NA,NA,32.8383096886,-1.5535,2012-09-05
2,NA,67.1671666666667,-26.6298333333333,NA,12,59,NA,NA,32.835605919184,-1.5523,2012-09-05
2,NA,67.1616666666667,-26.6745,NA,1,86,NA,NA,33.576438739168,-1.6194,2012-09-05
2,NA,67.1616666666667,-26.6745,NA,2,87,NA,NA,33.585050745456,-1.6179,2012-09-05
2,NA,67.1616666666667,-26.6745,NA,3,86,NA,NA,33.576438739168,-1.6194,2012-09-05
2,NA,67.1616666666667,-26.6745,NA,4,86,NA,NA,33.576438739168,-1.6194,2012-09-05
2,NA,67.1616666666667,-26.6745,NA,5,85,NA,NA,33.567025616016,-1.6201,2012-09-05
2,NA,67.1616666666667,-26.6745,NA,6,85,NA,NA,33.567025616016,-1.6201,2012-09-05
2,NA,67.1616666666667,-26.6745,NA,7,87,NA,NA,33.585050745456,-1.6179,2012-09-05
2,NA,67.1616666666667,-26.6745,NA,8,86,NA,NA,33.576438739168,-1.6194,2012-09-05
2,NA,67.1616666666667,-26.6745,NA,9,86,NA,NA,33.576438739168,-1.6194,2012-09-05
2,NA,67.1616666666667,-26.6745,NA,10,85,NA,NA,33.567025616016,-1.6201,2012-09-05
2,NA,67.1616666666667,-26.6745,NA,11,85,NA,NA,33.567025616016,-1.6201,2012-09-05
2,NA,67.1616666666667,-26.6745,NA,12,86,NA,NA,33.576438739168,-1.6194,2012-09-05
2,1.14,66.9313333333333,-25.7096666666667,820,1,32,NA,NA,32.873658970224,-0.5111,2012-09-05
2,NA,66.9313333333333,-25.7096666666667,NA,2,33,NA,NA,32.937648179736,-0.6872,2012-09-05
2,NA,66.9313333333333,-25.7096666666667,NA,3,33,NA,NA,32.937648179736,-0.6872,2012-09-05
2,NA,66.9313333333333,-25.7096666666667,NA,4,32,NA,NA,32.873658970224,-0.5111,2012-09-05
2,NA,66.9313333333333,-25.7096666666667,NA,5,33,NA,NA,32.937648179736,-0.6872,2012-09-05
2,NA,66.9313333333333,-25.7096666666667,NA,6,32,NA,NA,32.873658970224,-0.5111,2012-09-05
2,1.14,66.9313333333333,-25.7096666666667,820,7,6,NA,NA,31.732367857848,4.3726,2012-09-05
2,NA,66.9313333333333,-25.7096666666667,NA,8,6,NA,NA,31.732367857848,4.3726,2012-09-05
2,NA,66.9313333333333,-25.7096666666667,NA,9,5,NA,NA,31.732568137064,4.366,2012-09-05
2,NA,66.9313333333333,-25.7096666666667,NA,10,6,NA,NA,31.732367857848,4.3726,2012-09-05
2,NA,66.9313333333333,-25.7096666666667,NA,11,6,NA,NA,31.732367857848,4.3726,2012-09-05
2,NA,66.9313333333333,-25.7096666666667,NA,12,5,NA,NA,31.732568137064,4.366,2012-09-05
2,NA,66.921,-25.7328333333333,NA,7,277,NA,NA,34.913302505968,1.6017,2012-09-05
2,NA,66.921,-25.7328333333333,NA,10,76,NA,NA,33.806259139528,-1.5538,2012-09-05
2,3.01,72.9676666666667,-13.0548333333333,2337,1,32,NA,NA,34.30084866344,-0.2943,2012-09-08
2,NA,72.9676666666667,-13.0548333333333,NA,2,32,NA,NA,34.30084866344,-0.2943,2012-09-08
2,NA,72.9676666666667,-13.0548333333333,NA,3,32,NA,NA,34.30084866344,-0.2943,2012-09-08
2,NA,72.9676666666667,-13.0548333333333,NA,4,32,NA,NA,34.30084866344,-0.2943,2012-09-08
2,NA,72.9676666666667,-13.0548333333333,NA,5,32,NA,NA,34.30084866344,-0.2943,2012-09-08
2,NA,72.9676666666667,-13.0548333333333,NA,6,32,NA,NA,34.30084866344,-0.2943,2012-09-08
2,NA,72.9676666666667,-13.0548333333333,NA,7,32,NA,NA,34.30084866344,-0.2943,2012-09-08
2,3.01,72.9676666666667,-13.0548333333333,2337,8,10,NA,NA,32.369956741984,3.3047,2012-09-08
2,NA,72.9676666666667,-13.0548333333333,NA,9,10,NA,NA,32.369956741984,3.3047,2012-09-08
2,NA,72.9676666666667,-13.0548333333333,NA,10,11,NA,NA,32.369556183552,3.2923,2012-09-08
2,NA,72.9676666666667,-13.0548333333333,NA,11,11,NA,NA,32.369556183552,3.2923,2012-09-08
2,NA,72.9676666666667,-13.0548333333333,NA,12,11,NA,NA,32.369556183552,3.2923,2012-09-08
2,3.01,72.9523333333333,-13.05,2337,1,701,NA,NA,34.91170027224,-0.2615,2012-09-08
2,NA,72.9523333333333,-13.05,NA,2,701,NA,NA,34.91170027224,-0.2615,2012-09-08
2,NA,72.9523333333333,-13.05,NA,3,701,NA,NA,34.91170027224,-0.2615,2012-09-08
2,NA,72.9523333333333,-13.05,NA,4,701,NA,NA,34.91170027224,-0.2615,2012-09-08
2,NA,72.9523333333333,-13.05,NA,5,701,NA,NA,34.91170027224,-0.2615,2012-09-08
2,NA,NA,NA,NA,6,NA,NA,NA,NA,NA,NA
2,NA,NA,NA,NA,7,NA,NA,NA,NA,NA,NA
2,NA,72.9523333333333,-13.05,NA,8,701,NA,NA,34.91170027224,-0.2615,2012-09-08
2,NA,72.9523333333333,-13.05,NA,9,701,NA,NA,34.91170027224,-0.2615,2012-09-08
2,NA,72.9523333333333,-13.05,NA,10,701,NA,NA,34.91170027224,-0.2615,2012-09-08
2,NA,72.9523333333333,-13.05,NA,11,701,NA,NA,34.91170027224,-0.2615,2012-09-08
2,NA,72.9523333333333,-13.05,NA,12,701,NA,NA,34.91170027224,-0.2615,2012-09-08
2,3.01,72.9526666666667,-13.0585,2337,1,41,NA,NA,34.346011626648,-0.7011,2012-09-08
2,NA,72.9526666666667,-13.0585,NA,2,41,NA,NA,34.346011626648,-0.7011,2012-09-08
2,NA,72.9526666666667,-13.0585,NA,3,41,NA,NA,34.346011626648,-0.7011,2012-09-08
2,NA,72.9526666666667,-13.0585,NA,4,41,NA,NA,34.346011626648,-0.7011,2012-09-08
2,NA,72.9526666666667,-13.0585,NA,5,41,NA,NA,34.346011626648,-0.7011,2012-09-08
2,NA,72.9526666666667,-13.0585,NA,6,41,NA,NA,34.346011626648,-0.7011,2012-09-08
2,NA,72.9526666666667,-13.0585,NA,7,41,NA,NA,34.346011626648,-0.7011,2012-09-08
2,NA,72.9526666666667,-13.0585,NA,8,41,NA,NA,34.346011626648,-0.7011,2012-09-08
2,3.01,72.9526666666667,-13.0585,2337,9,11,NA,NA,32.41872473108,3.5362,2012-09-08
2,NA,72.9526666666667,-13.0585,NA,10,11,NA,NA,32.41872473108,3.5362,2012-09-08
2,NA,72.9526666666667,-13.0585,NA,11,11,NA,NA,32.41872473108,3.5362,2012-09-08
2,NA,72.9526666666667,-13.0585,NA,12,11,NA,NA,32.41872473108,3.5362,2012-09-08
2,NA,73.0221666666667,-13.346,NA,1,501,NA,NA,34.924418002456,0.1511,2012-09-08
2,NA,73.0221666666667,-13.346,NA,2,10,NA,NA,32.321389032104,2.7159,2012-09-08
2,3.02,73.2221666666667,-14.1248333333333,2049,1,61,NA,NA,34.650636314184,0.9941,2012-09-08
2,3.02,73.2221666666667,-14.1248333333333,2049,2,43,NA,NA,34.250478440616,-0.3942,2012-09-08
2,3.02,73.2221666666667,-14.1248333333333,2049,3,31,NA,NA,33.9047965138,-0.1076,2012-09-08
2,NA,73.2221666666667,-14.1248333333333,NA,4,31,NA,NA,33.9047965138,-0.1076,2012-09-08
2,NA,73.2221666666667,-14.1248333333333,NA,5,31,NA,NA,33.9047965138,-0.1076,2012-09-08
2,NA,73.2221666666667,-14.1248333333333,NA,6,30,NA,NA,33.87675742356,-0.0358,2012-09-08
2,NA,73.2221666666667,-14.1248333333333,NA,7,31,NA,NA,33.9047965138,-0.1076,2012-09-08
2,3.02,73.2221666666667,-14.1248333333333,2049,8,11,NA,NA,31.86144781256,1.744,2012-09-08
2,NA,73.2221666666667,-14.1248333333333,NA,9,10,NA,NA,31.862349069032,1.7534,2012-09-08
2,NA,73.2221666666667,-14.1248333333333,NA,10,10,NA,NA,31.862349069032,1.7534,2012-09-08
2,NA,73.2221666666667,-14.1248333333333,NA,11,11,NA,NA,31.86144781256,1.744,2012-09-08
2,NA,73.2221666666667,-14.1248333333333,NA,12,11,NA,NA,31.86144781256,1.744,2012-09-08
2,3.03,73.3841666666667,-15.0343333333333,2133,1,61,NA,NA,35.014443510048,3.3584,2012-09-08
2,3.03,73.3841666666667,-15.0343333333333,2133,2,40,NA,NA,34.736255679024,3.7285,2012-09-08
2,3.03,73.3841666666667,-15.0343333333333,2133,3,29,NA,NA,33.729852618624,2.5307,2012-09-08
2,NA,73.3841666666667,-15.0343333333333,NA,4,29,NA,NA,33.729852618624,2.5307,2012-09-08
2,NA,73.3841666666667,-15.0343333333333,NA,5,29,NA,NA,33.729852618624,2.5307,2012-09-08
2,NA,73.3841666666667,-15.0343333333333,NA,6,29,NA,NA,33.729852618624,2.5307,2012-09-08
2,NA,73.3841666666667,-15.0343333333333,NA,7,29,NA,NA,33.729852618624,2.5307,2012-09-08
2,3.03,73.3841666666667,-15.0343333333333,2133,8,9,NA,NA,31.716946358216,1.8137,2012-09-08
2,NA,73.3841666666667,-15.0343333333333,NA,9,9,NA,NA,31.716946358216,1.8137,2012-09-08
2,NA,73.3841666666667,-15.0343333333333,NA,10,9,NA,NA,31.716946358216,1.8137,2012-09-08
2,NA,73.3841666666667,-15.0343333333333,NA,11,9,NA,NA,31.716946358216,1.8137,2012-09-08
2,NA,73.3841666666667,-15.0343333333333,NA,12,9,NA,NA,31.716946358216,1.8137,2012-09-08
2,3.04,73.4251666666667,-15.4455,1745,1,101,NA,NA,34.951956394656,2.6391,2012-09-08
2,NA,73.4251666666667,-15.4455,NA,2,101,NA,NA,34.951956394656,2.6391,2012-09-08
2,NA,73.4251666666667,-15.4455,NA,3,101,NA,NA,34.951956394656,2.6391,2012-09-08
2,NA,73.4251666666667,-15.4455,NA,4,101,NA,NA,34.951956394656,2.6391,2012-09-08
2,NA,73.4251666666667,-15.4455,NA,5,101,NA,NA,34.951956394656,2.6391,2012-09-08
2,NA,73.4251666666667,-15.4455,NA,6,101,NA,NA,34.951956394656,2.6391,2012-09-08
2,3.04,73.4251666666667,-15.4455,1745,7,26,NA,NA,34.06401849052,2.0308,2012-09-08
2,NA,73.4251666666667,-15.4455,NA,8,26,NA,NA,34.06401849052,2.0308,2012-09-08
2,NA,73.4251666666667,-15.4455,NA,9,26,NA,NA,34.06401849052,2.0308,2012-09-08
2,NA,73.4251666666667,-15.4455,NA,10,26,NA,NA,34.06401849052,2.0308,2012-09-08
2,NA,73.4251666666667,-15.4455,NA,11,26,NA,NA,34.06401849052,2.0308,2012-09-08
2,NA,73.4251666666667,-15.4455,NA,12,26,NA,NA,34.06401849052,2.0308,2012-09-08
2,3.04,73.3643333333333,-15.5646666666667,1745,1,57,NA,NA,34.445350117784,0.4377,2012-09-09
2,NA,73.3643333333333,-15.5646666666667,NA,2,57,NA,NA,34.445350117784,0.4377,2012-09-09
2,NA,73.3643333333333,-15.5646666666667,NA,3,57,NA,NA,34.445350117784,0.4377,2012-09-09
2,NA,73.3643333333333,-15.5646666666667,NA,4,57,NA,NA,34.445350117784,0.4377,2012-09-09
2,NA,73.3643333333333,-15.5646666666667,NA,5,57,NA,NA,34.445350117784,0.4377,2012-09-09
2,NA,73.3643333333333,-15.5646666666667,NA,6,57,NA,NA,34.445350117784,0.4377,2012-09-09
2,NA,73.3643333333333,-15.5646666666667,NA,7,57,NA,NA,34.445350117784,0.4377,2012-09-09
2,NA,73.3643333333333,-15.5646666666667,NA,8,57,NA,NA,34.445350117784,0.4377,2012-09-09
2,NA,73.3643333333333,-15.5646666666667,NA,9,57,NA,NA,34.445350117784,0.4377,2012-09-09
2,NA,73.3643333333333,-15.5646666666667,NA,10,57,NA,NA,34.445350117784,0.4377,2012-09-09
2,3.04,73.3643333333333,-15.5646666666667,1745,11,11,NA,NA,32.057020466984,-0.2014,2012-09-09
2,NA,73.3643333333333,-15.5646666666667,NA,12,11,NA,NA,32.057020466984,-0.2014,2012-09-09
2,3.04,73.343,-15.6091666666667,1745,1,201,NA,NA,35.04989293128,2.655,2012-09-09
2,NA,73.343,-15.6091666666667,NA,2,201,NA,NA,35.04989293128,2.655,2012-09-09
2,NA,73.343,-15.6091666666667,NA,3,201,NA,NA,35.04989293128,2.655,2012-09-09
2,NA,73.343,-15.6091666666667,NA,4,201,NA,NA,35.04989293128,2.655,2012-09-09
2,NA,73.343,-15.6091666666667,NA,5,201,NA,NA,35.04989293128,2.655,2012-09-09
2,NA,73.343,-15.6091666666667,NA,6,201,NA,NA,35.04989293128,2.655,2012-09-09
2,NA,73.343,-15.6091666666667,NA,7,201,NA,NA,35.04989293128,2.655,2012-09-09
2,NA,NA,NA,NA,8,NA,NA,NA,NA,NA,NA
2,NA,73.343,-15.6091666666667,NA,9,201,NA,NA,35.04989293128,2.655,2012-09-09
2,NA,73.343,-15.6091666666667,NA,10,201,NA,NA,35.04989293128,2.655,2012-09-09
2,NA,73.343,-15.6091666666667,NA,11,201,NA,NA,35.04989293128,2.655,2012-09-09
2,3.04,73.343,-15.6091666666667,1745,12,35,NA,NA,33.636121945536,0.9179,2012-09-09
2,NA,71.984,-18.0546666666667,NA,12,5,NA,NA,31.009460027696,-0.9541,2012-09-09
2,4.01,71.9835,-18.087,929,1,41,NA,NA,33.642130322016,-1.4826,2012-09-09
2,4.01,71.9835,-18.087,929,2,28,NA,NA,33.159056853024,-1.0074,2012-09-09
2,NA,71.9835,-18.087,NA,3,28,NA,NA,33.159056853024,-1.0074,2012-09-09
2,NA,71.9835,-18.087,NA,4,28,NA,NA,33.159056853024,-1.0074,2012-09-09
2,NA,71.9835,-18.087,NA,5,27,NA,NA,33.122906454536,-1.0318,2012-09-09
2,NA,71.9835,-18.087,NA,6,27,NA,NA,33.122906454536,-1.0318,2012-09-09
2,4.01,71.9835,-18.087,929,7,15,NA,NA,31.960185466048,-0.9432,2012-09-09
2,NA,71.9835,-18.087,NA,8,16,NA,NA,32.057120606592,-0.8866,2012-09-09
2,NA,71.9835,-18.087,NA,9,16,NA,NA,32.057120606592,-0.8866,2012-09-09
2,NA,71.9835,-18.087,NA,10,15,NA,NA,31.960185466048,-0.9432,2012-09-09
2,NA,71.9835,-18.087,NA,11,16,NA,NA,32.057120606592,-0.8866,2012-09-09
2,4.01,71.9835,-18.087,929,12,5,NA,NA,31.014667287312,-0.8562,2012-09-09
2,NA,71.773,-18.5963333333333,NA,7,33,NA,NA,33.116096961192,-0.8799,2012-09-09
2,NA,71.773,-18.5963333333333,NA,11,10,NA,NA,31.178695965216,0.5959,2012-09-09
2,4.02,71.7678333333333,-18.5758333333333,338,1,41,NA,NA,33.48821574452,-1.5068,2012-09-09
2,4.02,71.7678333333333,-18.5758333333333,338,2,30,NA,NA,33.065426319544,-1.063,2012-09-09
2,NA,71.7678333333333,-18.5758333333333,NA,3,30,NA,NA,33.065426319544,-1.063,2012-09-09
2,NA,71.7678333333333,-18.5758333333333,NA,4,30,NA,NA,33.065426319544,-1.063,2012-09-09
2,NA,71.7678333333333,-18.5758333333333,NA,5,30,NA,NA,33.065426319544,-1.063,2012-09-09
2,NA,71.7678333333333,-18.5758333333333,NA,6,30,NA,NA,33.065426319544,-1.063,2012-09-09
2,4.02,71.7678333333333,-18.5758333333333,338,7,21,NA,NA,32.093671563512,-1.1895,2012-09-09
2,4.02,71.7678333333333,-18.5758333333333,338,8,10,NA,NA,31.15696567028,0.5039,2012-09-09
2,NA,71.7678333333333,-18.5758333333333,NA,9,10,NA,NA,31.15696567028,0.5039,2012-09-09
2,NA,71.7678333333333,-18.5758333333333,NA,10,10,NA,NA,31.15696567028,0.5039,2012-09-09
2,NA,71.7678333333333,-18.5758333333333,NA,11,10,NA,NA,31.15696567028,0.5039,2012-09-09
2,NA,71.7678333333333,-18.5758333333333,NA,12,11,NA,NA,31.21805083116,0.7361,2012-09-09
2,NA,71.5313333333333,-19.2811666666667,NA,9,10,NA,NA,30.604094894512,-0.3097,2012-09-09
2,NA,71.5313333333333,-19.2811666666667,NA,10,11,NA,NA,30.963295668408,-0.0504,2012-09-09
2,NA,71.5313333333333,-19.2811666666667,NA,11,11,NA,NA,30.963295668408,-0.0504,2012-09-09
2,4.03,71.5158333333333,-19.276,289,1,45,NA,NA,33.076942374464,-1.6196,2012-09-09
2,4.03,71.5158333333333,-19.276,289,2,32,NA,NA,32.546703150104,-1.2973,2012-09-09
2,NA,71.5158333333333,-19.276,NA,3,32,NA,NA,32.546703150104,-1.2973,2012-09-09
2,NA,71.5158333333333,-19.276,NA,4,31,NA,NA,32.484115895104,-1.1743,2012-09-09
2,NA,71.5158333333333,-19.276,NA,5,32,NA,NA,32.546703150104,-1.2973,2012-09-09
2,NA,71.5158333333333,-19.276,NA,6,32,NA,NA,32.546703150104,-1.2973,2012-09-09
2,4.03,71.5158333333333,-19.276,289,7,24,NA,NA,32.220248028024,-1.3258,2012-09-09
2,4.03,71.5158333333333,-19.276,289,8,11,NA,NA,30.616412066296,-5e-04,2012-09-09
2,NA,71.5158333333333,-19.276,NA,9,11,NA,NA,30.616412066296,-5e-04,2012-09-09
2,NA,71.5158333333333,-19.276,NA,10,11,NA,NA,30.616412066296,-5e-04,2012-09-09
2,NA,71.5158333333333,-19.276,NA,11,11,NA,NA,30.616412066296,-5e-04,2012-09-09
2,NA,71.5158333333333,-19.276,NA,12,11,NA,NA,30.616412066296,-5e-04,2012-09-09
2,4.04,71.2978333333333,-19.8955,391,1,45,NA,NA,32.777625086152,-1.4859,2012-09-10
2,4.04,71.2978333333333,-19.8955,391,2,34,NA,NA,32.169276967552,-1.3408,2012-09-10
2,NA,71.2978333333333,-19.8955,NA,3,33,NA,NA,32.156459097728,-1.3444,2012-09-10
2,NA,71.2978333333333,-19.8955,NA,4,33,NA,NA,32.156459097728,-1.3444,2012-09-10
2,NA,71.2978333333333,-19.8955,NA,5,33,NA,NA,32.156459097728,-1.3444,2012-09-10
2,NA,71.2978333333333,-19.8955,NA,6,34,NA,NA,32.169276967552,-1.3408,2012-09-10
2,4.04,71.2978333333333,-19.8955,391,7,10,NA,NA,29.765826235944,-0.2146,2012-09-10
2,NA,71.2978333333333,-19.8955,NA,8,11,NA,NA,29.842232756848,-0.3044,2012-09-10
2,NA,71.2978333333333,-19.8955,NA,9,11,NA,NA,29.842232756848,-0.3044,2012-09-10
2,NA,71.2978333333333,-19.8955,NA,10,11,NA,NA,29.842232756848,-0.3044,2012-09-10
2,NA,71.2978333333333,-19.8955,NA,11,10,NA,NA,29.765826235944,-0.2146,2012-09-10
2,4.04,71.2978333333333,-19.8955,391,12,6,NA,NA,29.742193288456,-0.1689,2012-09-10
2,NA,71.2911666666667,-19.9013333333333,NA,11,6,NA,NA,29.766126654768,-0.2147,2012-09-10
2,NA,71.2911666666667,-19.9013333333333,NA,12,6,NA,NA,29.766126654768,-0.2147,2012-09-10
2,4.04,71.2825,-19.9121666666667,391,1,140,NA,NA,34.025665020656,-1.5495,2012-09-10
2,NA,71.2825,-19.9121666666667,NA,2,141,NA,NA,34.027367393992,-1.5508,2012-09-10
2,NA,71.2825,-19.9121666666667,NA,3,141,NA,NA,34.027367393992,-1.5508,2012-09-10
2,NA,71.2825,-19.9121666666667,NA,4,141,NA,NA,34.027367393992,-1.5508,2012-09-10
2,NA,71.2825,-19.9121666666667,NA,5,141,NA,NA,34.027367393992,-1.5508,2012-09-10
2,NA,71.2825,-19.9121666666667,NA,6,141,NA,NA,34.027367393992,-1.5508,2012-09-10
2,NA,71.2825,-19.9121666666667,NA,7,141,NA,NA,34.027367393992,-1.5508,2012-09-10
2,NA,71.2825,-19.9121666666667,NA,8,141,NA,NA,34.027367393992,-1.5508,2012-09-10
2,4.04,71.2825,-19.9121666666667,391,9,80,NA,NA,33.548700067752,-1.647,2012-09-10
2,NA,71.2825,-19.9121666666667,NA,10,80,NA,NA,33.548700067752,-1.647,2012-09-10
2,NA,71.2825,-19.9121666666667,NA,11,80,NA,NA,33.548700067752,-1.647,2012-09-10
2,NA,71.2825,-19.9121666666667,NA,12,80,NA,NA,33.548700067752,-1.647,2012-09-10
2,4.04,71.2805,-19.9218333333333,391,1,81,NA,NA,33.586252420752,-1.6477,2012-09-10
2,NA,71.2805,-19.9218333333333,NA,2,81,NA,NA,33.586252420752,-1.6477,2012-09-10
2,NA,71.2805,-19.9218333333333,NA,3,81,NA,NA,33.586252420752,-1.6477,2012-09-10
2,NA,71.2805,-19.9218333333333,NA,4,81,NA,NA,33.586252420752,-1.6477,2012-09-10
2,NA,71.2805,-19.9218333333333,NA,5,51,NA,NA,32.852629652544,-1.54,2012-09-10
2,4.04,71.2805,-19.9218333333333,391,6,51,NA,NA,32.852629652544,-1.54,2012-09-10
2,NA,71.2805,-19.9218333333333,NA,7,50,NA,NA,32.838109409384,-1.5236,2012-09-10
2,NA,71.2805,-19.9218333333333,NA,8,50,NA,NA,32.838109409384,-1.5236,2012-09-10
2,NA,71.2805,-19.9218333333333,NA,9,51,NA,NA,32.852629652544,-1.54,2012-09-10
2,NA,71.2805,-19.9218333333333,NA,10,51,NA,NA,32.852629652544,-1.54,2012-09-10
2,NA,71.2805,-19.9218333333333,NA,11,50,NA,NA,32.838109409384,-1.5236,2012-09-10
2,NA,71.2805,-19.9218333333333,NA,12,50,NA,NA,32.838109409384,-1.5236,2012-09-10
2,NA,71.0735,-20.5308333333333,NA,9,32,NA,NA,32.130122380824,-1.4261,2012-09-10
2,NA,71.0735,-20.5308333333333,NA,12,5,NA,NA,29.133544751032,0.5284,2012-09-10
2,NA,70.8233333333333,-21.1365,NA,7,36,NA,NA,31.9721020794,-1.0893,2012-09-10
2,NA,70.8233333333333,-21.1365,NA,10,11,NA,NA,28.086384870176,1.784,2012-09-10
2,NA,70.8233333333333,-21.1365,NA,11,11,NA,NA,28.086384870176,1.784,2012-09-10
2,NA,70.6198333333333,-20.4548333333333,NA,6,36,NA,NA,32.435648324832,-1.4745,2012-09-10
2,NA,70.6198333333333,-20.4548333333333,NA,9,11,NA,NA,29.653569735376,0.3674,2012-09-10
2,NA,70.6198333333333,-20.4548333333333,NA,11,6,NA,NA,29.611611239624,0.3404,2012-09-10
2,NA,70.6198333333333,-20.4548333333333,NA,12,6,NA,NA,29.611611239624,0.3404,2012-09-10
2,5.01,70.6135,-20.4745,259,1,44,NA,NA,32.802459708936,-1.5451,2012-09-10
2,NA,70.6135,-20.4745,NA,2,44,NA,NA,32.802459708936,-1.5451,2012-09-10
2,NA,70.6135,-20.4745,NA,3,43,NA,NA,32.753391301016,-1.547,2012-09-10
2,NA,70.6135,-20.4745,NA,4,43,NA,NA,32.753391301016,-1.547,2012-09-10
2,NA,70.6135,-20.4745,NA,5,44,NA,NA,32.802459708936,-1.5451,2012-09-10
2,NA,70.6135,-20.4745,NA,6,44,NA,NA,32.802459708936,-1.5451,2012-09-10
2,NA,70.6135,-20.4745,NA,7,43,NA,NA,32.753391301016,-1.547,2012-09-10
2,NA,70.6135,-20.4745,NA,8,43,NA,NA,32.753391301016,-1.547,2012-09-10
2,NA,70.6135,-20.4745,NA,9,44,NA,NA,32.802459708936,-1.5451,2012-09-10
2,NA,70.6135,-20.4745,NA,10,43,NA,NA,32.753391301016,-1.547,2012-09-10
2,NA,70.6135,-20.4745,NA,11,43,NA,NA,32.753391301016,-1.547,2012-09-10
2,NA,70.6135,-20.4745,NA,12,44,NA,NA,32.802459708936,-1.5451,2012-09-10
2,6.01,68.5018333333333,-25.9998333333333,369,1,46,NA,NA,32.126016656896,-0.5534,2012-09-11
2,6.01,68.5018333333333,-25.9998333333333,369,2,31,NA,NA,31.683800147968,0.4229,2012-09-11
2,NA,68.5018333333333,-25.9998333333333,NA,3,30,NA,NA,31.66517418088,0.475,2012-09-11
2,NA,68.5018333333333,-25.9998333333333,NA,4,30,NA,NA,31.66517418088,0.475,2012-09-11
2,NA,68.5018333333333,-25.9998333333333,NA,5,31,NA,NA,31.683800147968,0.4229,2012-09-11
2,NA,68.5018333333333,-25.9998333333333,NA,6,32,NA,NA,31.688306430328,0.3899,2012-09-11
2,6.01,68.5018333333333,-25.9998333333333,369,7,12,NA,NA,29.630437485928,3.4352,2012-09-11
2,NA,68.5018333333333,-25.9998333333333,NA,8,11,NA,NA,29.636746281232,3.4294,2012-09-11
2,NA,68.5018333333333,-25.9998333333333,NA,9,10,NA,NA,29.639650329864,3.429,2012-09-11
2,NA,68.5018333333333,-25.9998333333333,NA,10,10,NA,NA,29.639650329864,3.429,2012-09-11
2,NA,68.5018333333333,-25.9998333333333,NA,11,11,NA,NA,29.636746281232,3.4294,2012-09-11
2,6.01,68.5018333333333,-25.9998333333333,369,12,5,NA,NA,30.167185784808,3.4216,2012-09-11
2,6.01,68.5095,-26.0153333333333,369,1,78,NA,NA,32.859939843928,-1.3929,2012-09-11
2,NA,68.5095,-26.0153333333333,NA,2,78,NA,NA,32.859939843928,-1.3929,2012-09-11
2,NA,68.5095,-26.0153333333333,NA,3,77,NA,NA,32.8408131788,-1.3941,2012-09-11
2,NA,68.5095,-26.0153333333333,NA,4,76,NA,NA,32.832501591336,-1.5115,2012-09-11
2,NA,68.5095,-26.0153333333333,NA,5,76,NA,NA,32.832501591336,-1.5115,2012-09-11
2,NA,68.5095,-26.0153333333333,NA,6,77,NA,NA,32.8408131788,-1.3941,2012-09-11
2,NA,68.5095,-26.0153333333333,NA,7,78,NA,NA,32.859939843928,-1.3929,2012-09-11
2,NA,68.5095,-26.0153333333333,NA,8,78,NA,NA,32.859939843928,-1.3929,2012-09-11
2,NA,68.5095,-26.0153333333333,NA,9,78,NA,NA,32.859939843928,-1.3929,2012-09-11
2,NA,68.5095,-26.0153333333333,NA,10,78,NA,NA,32.859939843928,-1.3929,2012-09-11
2,NA,68.5095,-26.0153333333333,NA,11,78,NA,NA,32.859939843928,-1.3929,2012-09-11
2,NA,68.5095,-26.0153333333333,NA,12,77,NA,NA,32.8408131788,-1.3941,2012-09-11
2,6.06,67.7888333333333,-25.7786666666667,435,1,51,NA,NA,33.219240757432,-1.3376,2012-09-11
2,6.06,67.7888333333333,-25.7786666666667,435,2,30,NA,NA,31.853036085488,1.8303,2012-09-11
2,NA,67.7888333333333,-25.7786666666667,NA,3,30,NA,NA,31.853036085488,1.8303,2012-09-11
2,NA,67.7888333333333,-25.7786666666667,NA,4,30,NA,NA,31.853036085488,1.8303,2012-09-11
2,NA,67.7888333333333,-25.7786666666667,NA,5,31,NA,NA,32.318885541904,0.2455,2012-09-11
2,NA,67.7888333333333,-25.7786666666667,NA,6,30,NA,NA,31.853036085488,1.8303,2012-09-11
2,6.06,67.7888333333333,-25.7786666666667,435,7,21,NA,NA,30.858649778048,3.5747,2012-09-11
2,6.06,67.7888333333333,-25.7786666666667,435,8,10,NA,NA,30.084770887424,3.8637,2012-09-11
2,NA,67.7888333333333,-25.7786666666667,NA,9,11,NA,NA,30.083669351736,3.8617,2012-09-11
2,NA,67.7888333333333,-25.7786666666667,NA,10,11,NA,NA,30.083669351736,3.8617,2012-09-11
2,NA,67.7888333333333,-25.7786666666667,NA,11,11,NA,NA,30.083669351736,3.8617,2012-09-11
2,NA,67.7888333333333,-25.7786666666667,NA,12,11,NA,NA,30.083669351736,3.8617,2012-09-11
2,6.07,67.5561666666667,-25.6618333333333,965,1,66,NA,NA,33.931433649528,-1.449,2012-09-11
2,6.07,67.5561666666667,-25.6618333333333,965,2,51,NA,NA,33.540588759504,-0.9255,2012-09-11
2,6.07,67.5561666666667,-25.6618333333333,965,3,35,NA,NA,31.752495919056,2.687,2012-09-11
2,NA,67.5561666666667,-25.6618333333333,NA,4,34,NA,NA,31.595977711752,2.9606,2012-09-11
2,NA,67.5561666666667,-25.6618333333333,NA,5,32,NA,NA,31.286546323032,3.3612,2012-09-11
2,NA,67.5561666666667,-25.6618333333333,NA,6,32,NA,NA,31.286546323032,3.3612,2012-09-11
2,NA,67.5561666666667,-25.6618333333333,NA,7,33,NA,NA,31.49193265904,3.1075,2012-09-11
2,6.07,67.5561666666667,-25.6618333333333,965,8,11,NA,NA,30.3197985474,3.935,2012-09-11
2,NA,67.5561666666667,-25.6618333333333,NA,9,10,NA,NA,30.320399385048,3.937,2012-09-11
2,NA,67.5561666666667,-25.6618333333333,NA,10,11,NA,NA,30.3197985474,3.935,2012-09-11
2,NA,67.5561666666667,-25.6618333333333,NA,11,11,NA,NA,30.3197985474,3.935,2012-09-11
2,NA,67.5561666666667,-25.6618333333333,NA,12,11,NA,NA,30.3197985474,3.935,2012-09-11
2,6.07,67.542,-25.668,965,8,73,NA,NA,33.99892774532,-1.3173,2012-09-11
2,NA,67.542,-25.668,NA,10,60,NA,NA,33.813969889344,-1.3802,2012-09-11
2,NA,67.542,-25.668,NA,12,36,NA,NA,32.875761901992,0.2786,2012-09-11
2,6.08,67.2538333333333,-25.5811666666667,1126,11,5,NA,NA,30.751500397488,4.0936,2012-09-11
2,NA,67.2538333333333,-25.5811666666667,NA,12,6,NA,NA,30.749798024152,4.0916,2012-09-11
2,6.08,67.2378333333333,-25.5445,1126,1,62,NA,NA,33.303558307368,-1.4562,2012-09-11
2,6.08,67.2378333333333,-25.5445,1126,2,32,NA,NA,31.44837192956,4.0035,2012-09-11
2,NA,67.2378333333333,-25.5445,NA,3,33,NA,NA,31.730064646864,4.0906,2012-09-11
2,NA,67.2378333333333,-25.5445,NA,4,33,NA,NA,31.730064646864,4.0906,2012-09-11
2,NA,67.2378333333333,-25.5445,NA,5,33,NA,NA,31.730064646864,4.0906,2012-09-11
2,NA,67.2378333333333,-25.5445,NA,6,32,NA,NA,31.44837192956,4.0035,2012-09-11
2,6.08,67.2378333333333,-25.5445,1126,7,22,NA,NA,30.77443236772,4.1396,2012-09-11
2,6.08,67.2378333333333,-25.5445,1126,8,12,NA,NA,30.728167868824,4.0901,2012-09-11
2,NA,67.2378333333333,-25.5445,NA,9,11,NA,NA,30.726765914312,4.0979,2012-09-11
2,NA,67.2378333333333,-25.5445,NA,10,10,NA,NA,30.725764518232,4.1037,2012-09-11
2,NA,67.2378333333333,-25.5445,NA,11,11,NA,NA,30.726765914312,4.0979,2012-09-11
2,NA,67.2378333333333,-25.5445,NA,12,11,NA,NA,30.726765914312,4.0979,2012-09-11
2,6.09,NA,NA,10.64,1,NA,NA,NA,NA,NA,NA
2,6.09,NA,NA,10.64,1,NA,NA,NA,NA,NA,NA
2,6.09,NA,NA,10.64,1,NA,NA,NA,NA,NA,NA
2,6.09,NA,NA,10.64,1,NA,NA,NA,NA,NA,NA
2,NA,NA,NA,NA,2,NA,NA,NA,NA,NA,NA
2,NA,NA,NA,NA,3,NA,NA,NA,NA,NA,NA
2,NA,NA,NA,NA,4,NA,NA,NA,NA,NA,NA
2,NA,NA,NA,NA,5,NA,NA,NA,NA,NA,NA
2,NA,NA,NA,NA,6,NA,NA,NA,NA,NA,NA
2,NA,NA,NA,NA,7,NA,NA,NA,NA,NA,NA
2,NA,NA,NA,NA,8,NA,NA,NA,NA,NA,NA
2,6.09,NA,NA,10.64,9,NA,NA,NA,NA,NA,NA
