basin,date,latitude,longitude,doc,doc13,a350,suva254,S_275_295,S_350_400,sr
Niger,05/02/11,13.567,2.006,3.1,-22.6,3.4,1.8,19.19,17.47,1.099
Niger,05/16/11,13.567,2.006,3.1,-23.1,3.9,2.7,18.95,19.45,0.974
Niger,05/29/11,13.567,2.006,3.2,-22.6,4.5,2.6,19.43,17.26,1.126
Niger,06/11/11,13.567,2.006,3.4,-23,3.3,1.6,19.95,18.16,1.099
Niger,06/26/11,13.567,2.006,,,2.9,,23.55,18.98,1.241
Niger,07/08/11,13.567,2.006,3.4,-22.4,6.4,2.7,16.37,19.88,0.823
Niger,08/06/11,13.567,2.006,2.3,-23.8,2.5,1.3,25.26,19.9,1.269
Niger,08/20/11,13.567,2.006,1.7,-22.5,2.5,1.3,20.83,18.89,1.103
Niger,09/06/11,13.567,2.006,2.7,-23.5,3.7,1.6,17.06,18.79,0.908
Niger,09/17/11,13.567,2.006,2,-22.4,10.1,4.2,13.66,13.95,0.979
Niger,10/05/11,13.567,2.006,2,-21.7,5.3,4.1,15.46,17.2,0.899
Niger,10/22/11,13.567,2.006,2.1,-24.9,7.9,3.6,14.61,13.4,1.09
Niger,11/05/11,13.567,2.006,2,-23.9,3.8,2.8,16.14,13.96,1.156
Niger,12/03/11,13.567,2.006,1.9,-24,5.1,3.5,16.94,14.29,1.185
Niger,12/16/11,13.567,2.006,1.8,-24.2,4.6,3.5,16.12,13.9,1.16
Niger,12/30/11,13.567,2.006,1.8,-24.2,3.1,2.6,18.17,13.7,1.327
Niger,01/13/12,13.567,2.006,1.8,-24.6,3.7,3,17.66,12.71,1.39
Niger,01/27/12,13.567,2.006,1.8,-24.7,2.7,2.2,19.02,14.1,1.349
Niger,02/12/12,13.567,2.006,2.1,-24.5,4.2,3.9,20.77,15.87,1.309
Niger,02/26/12,13.567,2.006,2.4,-25,4.1,3.6,20.44,15.61,1.31
Niger,03/11/12,13.567,2.006,2.4,-25.9,2.9,2.1,21.27,14.24,1.494
Niger,10/28/12,13.567,2.006,2.2,-23.7,9,4,13.47,15.44,0.873
Niger,11/10/12,13.567,2.006,2.2,-23.7,5.3,2.8,15.9,17.55,0.906
Niger,11/24/12,13.567,2.006,1.7,-23.9,5.1,3.3,16.01,17.57,0.911
Niger,12/08/12,13.567,2.006,1.9,-23.8,3.9,2.9,16.9,19.75,0.856
Niger,12/23/12,13.567,2.006,2.1,-24,4.3,2.6,16.74,18.9,0.885
Niger,01/06/13,13.567,2.006,2.3,-22.3,3.7,2.5,17.24,20.77,0.83
Niger,01/19/13,13.567,2.006,2.6,-23.9,4,1.8,17.5,19.78,0.884
Niger,02/03/13,13.567,2.006,2.7,-24.2,3.9,2,17.68,19.2,0.921
Niger,02/18/13,13.567,2.006,2.7,-24.1,3.8,2,17.85,19.9,0.897
Niger,03/03/13,13.567,2.006,2.7,-24.1,3.9,2,17.82,19.71,0.904
Niger,03/17/13,13.567,2.006,2.7,-23.8,5.4,2.4,17.41,17.25,1.009
Zambezi,02/05/12,-11.122,24.199,1.6,-26.9,6.2,4.6,10.69,14.28,0.749
Zambezi,02/07/12,-13.094,22.688,3.3,-22.3,7.6,3.2,13.88,16.1,0.862
Zambezi,02/08/12,-14.377,23.236,3,-22.5,8.8,4,13.23,14.52,0.911
Zambezi,02/10/12,-16.242,23.241,4.2,-22.2,12.1,3.8,13.45,15.06,0.893
Zambezi,02/11/12,-17.467,24.247,4.5,-22.3,12.7,3.7,13.63,15.39,0.885
Zambezi,02/11/12,-17.887,25.843,4.5,-22,12.9,3.6,13.76,15.3,0.9
Zambezi,02/12/12,-17.931,25.86,4.6,-21.8,11.9,3.5,14.3,15.74,0.908
Zambezi,02/19/12,-16.035,28.858,2,-23.4,2.3,3.1,18.55,17.89,1.037
Zambezi,02/21/12,-15.724,29.323,2.3,-23,2.9,2.7,18.38,17.09,1.076
Zambezi,02/24/12,-15.624,30.413,,,2.5,2.6,18.37,17.22,1.067
Zambezi,03/23/12,-12.464,27.851,3,-21.8,6.2,3.6,9.95,12.04,0.827
Zambezi,03/24/12,-12.645,28.165,3.1,-22.5,6.4,3.5,9.79,12.37,0.791
Zambezi,03/24/12,-13.642,27.616,3.5,-22.1,6.8,3.4,10.62,12.36,0.859
Zambezi,03/26/12,-14.562,26.458,4.3,-20.9,9.5,3.9,12.68,13.34,0.95
Zambezi,03/27/12,-14.945,25.914,4.1,-21.7,8.7,3.7,12.31,13.39,0.919
Zambezi,03/28/12,-15.764,26.03,3,-20.5,8.3,4.9,12.95,12.51,1.035
Zambezi,03/30/12,-15.676,26.445,3.4,-20.9,6.5,3.5,13.53,15.06,0.898
Zambezi,03/31/12,-15.749,27.83,4.9,-21.8,7.8,2.8,13.79,13.02,1.059
Zambezi,04/01/12,-15.837,28.238,4.9,-21.3,10.3,3.7,13.21,13.58,0.973
Zambezi,04/02/12,-15.946,28.875,5.3,-21.1,9.8,3.3,13.78,13.55,1.017
Zambezi,04/08/12,-13.098,31.786,2.5,-23,4.7,2.6,9.56,13.14,0.727
Zambezi,04/09/12,-14.305,30.55,2.4,-22.1,5.1,2.5,7.74,12.91,0.8
Zambezi,02/23/12,-14.975,30.212,2.4,-22.3,5.9,3.8,13.2,17.11,0.771
Zambezi,04/10/12,-15.609,30.411,2.4,-24,4.2,2.7,14.16,17.36,0.816
Zambezi,04/05/12,-14.308,29.124,2.8,-20.9,4.5,2.8,13.51,13.04,1.036
Zambezi,04/11/12,-14.784,29.629,2.6,-21.5,8.4,3.2,9.24,12.24,0.755
Zambezi,03/22/12,-12.261,26.792,2.3,-22.8,8.6,3.1,6.84,10.8,0.833
Zambezi,03/25/12,-12.997,26.53,3,-21.5,7.9,3.2,9.37,12.73,0.736
Zambezi,03/26/12,-13.964,26.347,3.4,-22.4,8,2.9,10.43,12.98,0.803
Zambezi,02/04/12,-11.889,25.251,,,9.3,,11.87,15.13,0.785
Zambezi,03/29/12,-15.624,26.004,3.5,-21,7.1,3.1,11.89,13.7,0.868
Zambezi,03/29/12,-15.756,25.987,3.5,-20.9,5.5,2.5,12.8,13.39,0.957
Zambezi,03/29/12,-15.803,25.946,3.1,-21.5,4.4,3.1,14.62,14.21,1.029
Zambezi,02/15/12,-17.819,27.101,2.4,-22.8,3.6,3,17.78,14.58,1.22
Zambezi,02/16/12,-17.27,27.466,1.9,-23.2,2.5,2.5,18.51,13.94,1.328
Zambezi,02/18/12,-16.52,28.657,2.2,-23.8,2.5,2.3,19.14,13.05,1.467
Zambezi,04/17/12,-15.734,31.684,2.3,-22.1,2.8,2.5,17.99,13.73,1.31
Zambezi,04/18/12,-15.587,32.375,2.4,-21.5,2.1,2,19.92,17.24,1.156
Zambezi,04/16/12,-15.621,33.01,2.4,-20.6,2,2.2,21.14,19.49,1.085
Zambezi,04/19/12,-16.14,33.542,2.4,-21.6,1.7,1.9,19.68,17.33,1.136
Zambezi,04/20/12,-16.715,34.249,1.9,-22.7,2.2,2.5,17.82,14.2,1.255
Zambezi,04/23/12,-17.459,35.059,1.8,-22.3,2.6,2.8,16.14,12.93,1.248
Zambezi,04/22/12,-17.806,35.399,2.7,-20,4.1,2.7,14.49,16.37,0.885
Zambezi,04/24/12,-18.365,36.06,2.1,-20.8,2,2.2,17.64,17.09,1.032
Zambezi,04/27/12,-18.549,36.193,2.2,-20.1,2.3,2.3,16.61,16.65,0.998
Zambezi,04/22/12,-17.668,35.338,2.7,-19.6,5.3,3.1,14.21,15.8,0.899
Zambezi,04/02/12,-16.031,28.858,2.4,-24,1.7,1.8,20.68,17.75,1.165
Zambezi,04/10/12,-15.634,30.405,,,3.1,2.5,17.19,14.14,1.216
Zambezi,02/22/12,-15.837,28.238,4.5,-22.8,8,3.3,16.55,16.49,1.003
Zambezi,02/20/12,-15.951,28.86,,,7.4,,16.73,15,1.116
Zambezi,02/24/12,-15.621,30.416,2.2,-22.4,4.4,3.6,15.1,19.14,0.789
Zambezi,01/13/13,-11.122,24.199,2.3,-26.5,8.7,4.3,11.76,14.91,0.789
Zambezi,01/14/13,-13.108,22.689,4.1,-22.3,9,3.4,14.9,16.9,0.882
Zambezi,01/16/13,-14.337,23.236,5.2,-24.7,10.3,2.9,14.31,16.46,0.87
Zambezi,01/17/13,-16.245,23.239,5.6,-21.8,16.6,3.4,13.07,16.06,0.814
Zambezi,01/18/13,-17.467,24.247,5.2,-22.5,13.8,3.2,13.67,16.1,0.849
Zambezi,01/19/13,-17.799,25.281,4.7,-21.9,11.9,3.5,14.28,16.53,0.864
Zambezi,01/21/13,-17.887,25.843,4.7,-21.8,13.2,3.5,13.89,16.35,0.85
Zambezi,01/25/13,-16.016,28.88,2.1,-23.2,2.9,3.1,19.98,17.18,1.163
Zambezi,01/29/13,-15.636,30.403,2.5,-22.5,2.9,2.6,19.49,22,0.886
Zambezi,02/08/13,-12.464,27.851,3.6,-23.6,8.4,3.7,15.59,16.29,0.957
Zambezi,02/07/13,-12.645,28.164,3.2,-23.3,7.8,3.6,14.91,16.67,0.894
Zambezi,02/03/13,-13.642,27.762,3.2,-23.1,6.2,3.5,16,17.64,0.907
Zambezi,02/10/13,-14.562,26.458,4.1,-21.4,8.8,3.5,15.21,16.56,0.919
Zambezi,02/11/13,-14.945,25.913,3.9,-21.2,7.8,3.5,15.77,17.26,0.914
Zambezi,02/13/13,-15.764,26.03,3.1,-20.5,6.3,3.6,16.71,17.01,0.982
Zambezi,02/15/13,-15.747,27.83,5.9,-24.3,11.5,3.2,16.18,16.01,1.011
Zambezi,02/16/13,-15.837,28.328,5.6,-23.7,11.3,3.3,16.05,16.1,0.997
Zambezi,02/17/13,-15.946,28.872,5.2,-23.6,11,3.3,16.57,16.55,1.001
Zambezi,03/11/13,-10.252,33.022,2.4,-22.9,8.4,4.5,14.48,17.3,0.837
Zambezi,01/27/13,-13.098,31.786,3.3,-22.4,5.3,3,15.84,21.55,0.735
Zambezi,01/28/13,-15.005,30.216,3.8,-24,6.1,2.6,14.88,18.69,0.796
Zambezi,01/29/13,-15.604,30.41,2.8,-22.6,5.1,3.3,15.54,20.65,0.752
Zambezi,02/02/13,-13.932,29.132,3.3,-22.7,8.4,3.6,14.48,17.3,0.837
Zambezi,01/30/13,-14.794,29.629,2.9,-21.9,6.4,3.4,15.36,18.49,0.831
Zambezi,02/09/13,-12.26,26.792,2.5,-24.3,9.2,4.3,11.59,15.13,0.766
Zambezi,02/10/13,-13.984,26.347,3.2,-22.3,8.1,3.8,14.44,16.35,0.883
Zambezi,01/12/13,-11.889,25.251,3.5,-24.2,15,5,11.74,15.19,0.773
Zambezi,01/15/13,-14.039,23.629,4,-23.3,11.2,4.1,14.01,16.43,0.853
Zambezi,02/12/13,-15.61,26.015,3.6,-25.9,8.4,3.9,15.4,16.19,0.951
Zambezi,02/13/13,-15.812,25.939,3.5,-21.2,3.9,2.4,19.45,16.71,1.164
Zambezi,01/22/13,-17.279,27.535,4,-22.7,4,2.7,18.33,13.53,1.355
Zambezi,01/24/13,-16.554,28.684,2.7,-21.1,3.1,2.6,17.52,13.02,1.345
Zambezi,02/21/13,-15.587,32.375,2.3,-23.4,2.9,2.3,21.01,14.82,1.417
Zambezi,02/20/13,-15.557,32.634,2.6,-23.2,2.8,2.2,20.94,14.85,1.409
Zambezi,02/22/13,-16.14,33.541,2.3,-22.7,3,2.6,17.92,17.84,1.004
Zambezi,02/24/13,-17.459,35.059,2.4,-22.3,4.4,3.2,16.3,17.25,0.945
Zambezi,02/25/13,-17.806,35.399,3.4,-20.9,10.3,3.9,13.47,15.38,0.876
Zambezi,03/02/13,-18.579,36.244,2.6,-21.5,5.7,3.4,14.54,16.72,0.869
Zambezi,03/01/13,-18.567,36.445,2.6,-21.4,5.5,3.6,15.98,17.04,0.937
Zambezi,02/26/13,-17.458,35.339,3.6,-21,8.5,3.6,14.55,15.86,0.917
Zambezi,03/06/13,-16.544,33.381,3.3,-21.6,6.4,3.1,15.33,18.15,0.845
Zambezi,03/12/13,-10.105,30.915,1.7,-21.7,2.5,2.6,15.68,17.92,0.875
Zambezi,03/13/13,-8.596,31.239,4.2,-20.8,15.2,4.5,12.98,15.65,0.829
Zambezi,10/19/13,-11.35,24.329,2.9,-28.1,10.7,4.7,9.9,14.42,0.686
Zambezi,10/20/13,-13.097,22.685,1.9,-25.5,3.8,3.2,16.43,16.57,0.992
Zambezi,10/21/13,-14.384,23.236,1.9,-24.8,2.5,2.4,18.73,16.64,1.126
Zambezi,10/22/13,-16.13,23.288,1.5,-24,2.1,2.4,20.98,18.63,1.126
Zambezi,10/24/13,-17.467,24.247,1.8,-22.2,2,2.1,19.98,16.59,1.204
Zambezi,10/29/13,-16.576,28.689,2.6,-23.2,1.3,1.4,27.61,22.51,1.226
Zambezi,10/29/13,-16.504,28.791,2.5,-22.7,2.5,2.3,23.49,21.72,1.081
Zambezi,10/27/13,-15.985,28.881,2.2,-23,1.6,1.9,26.82,23.59,1.137
Zambezi,11/10/13,-15.624,30.414,2.1,-22.5,2.2,2.2,22.92,19.24,1.191
Zambezi,11/14/13,-12.464,27.851,1.3,-22.8,1.2,2.2,18.25,16.41,1.112
Zambezi,11/15/13,-14.562,26.458,3.6,-23,4.3,2.4,20.54,17.97,1.143
Zambezi,11/16/13,-14.978,25.993,2.4,-23.6,2.9,2.6,21.45,18.49,1.16
Zambezi,11/18/13,-15.774,25.969,2.8,-21.9,2.4,2.3,26.19,22.03,1.189
Zambezi,11/17/13,-15.764,26.03,2.6,-21.8,2.3,2.5,23.51,20.7,1.136
Zambezi,11/20/13,-15.748,27.828,3.5,-22.1,4.8,2.8,20.81,16.93,1.229
Zambezi,11/24/13,-15.951,28.86,3.4,-22.2,4.5,2.7,20.33,18.47,1.1
Zambezi,04/02/12,-15.946,28.875,5.3,-21.1,9.2,2.8,13.78,13.55,1.017
Zambezi,05/16/12,-15.946,28.875,3.8,-23.3,6.6,3.4,17.38,18.7,0.929
Zambezi,06/16/12,-15.946,28.875,3.7,-23.3,5.8,3.3,17.82,19.79,0.9
Zambezi,06/30/12,-15.946,28.875,3.8,-23.1,5.7,3.1,17.53,18.15,0.966
Zambezi,08/18/12,-15.946,28.875,3.8,-23.1,5.4,2.9,17.91,17.24,1.039
Zambezi,09/30/12,-15.946,28.875,3.4,-23.2,4.2,2.7,18.63,18.91,0.985
Zambezi,10/14/12,-15.946,28.875,3.7,-22.8,4.2,2.6,18.63,18.91,0.985
Zambezi,11/07/12,-15.946,28.875,3.5,-22.6,4.2,2.7,18.97,18.29,1.037
Zambezi,12/01/12,-15.946,28.875,3.2,-22.7,1.5,1.3,21.31,22.84,0.933
Zambezi,01/25/13,-15.946,28.872,4.7,-22.3,9.3,3.4,15.99,16.86,0.949
Zambezi,02/17/13,-15.946,28.872,5.2,-23.6,11,3.3,16.57,16.55,1.001
Zambezi,03/17/13,-15.951,28.86,5.6,-24,12.7,2.4,0.02,0.02,1.031
Zambezi,04/06/13,-15.951,28.86,6.5,,8.9,2.4,16.9,16.47,1.026
Zambezi,05/05/13,-15.951,28.86,5.5,,7.6,2.5,17.65,17.6,1.003
Zambezi,05/22/13,-15.951,28.86,4.2,,6.9,3,18.14,16.58,1.094
Zambezi,11/24/13,-15.951,28.86,3.4,-22.2,4.5,2.7,20.33,18.47,1.1
Zambezi,02/19/12,-16.035,28.858,2,-23.4,2.3,3.1,18.55,17.89,1.037
Zambezi,05/16/12,-16.031,28.858,2.5,-22.5,1.4,1.7,20.75,20.54,1.01
Zambezi,05/31/12,-16.031,28.858,2.1,-23.1,1,2,23,28.11,0.818
Zambezi,06/16/12,-16.031,28.858,2.1,-23.2,1.5,2,21.95,26.3,0.835
Zambezi,06/30/12,-16.031,28.858,2.1,-23.1,1.4,2,22.03,20.18,1.092
Zambezi,08/18/12,-16.031,28.858,2.3,-22.8,1.5,1.8,20.99,21.46,0.978
Zambezi,10/14/12,-16.031,28.858,2.2,-23.3,1.5,2,21.5,17.33,1.24
Zambezi,02/17/13,-16.011,28.884,2.2,-23.3,2.5,2.3,20.25,15.02,1.348
Zambezi,04/06/13,-15.985,28.881,3.6,,1.8,1.2,24.46,21.91,1.116
Zambezi,05/05/13,-15.985,28.881,3.3,,1.6,1.2,25.99,19.14,1.358
Zambezi,05/22/13,-15.985,28.881,3.4,,2,1.3,24.39,17.64,1.383
Zambezi,06/29/13,-15.985,28.881,3.3,,2.1,1.4,23.12,17.5,1.321
Zambezi,10/27/13,-15.985,28.881,2.2,-23,1.6,1.9,26.82,23.59,1.137
Zambezi,11/07/13,-15.985,28.881,2.6,-23.4,1.2,1.4,28.58,27.79,1.028
Zambezi,11/22/13,-15.985,28.881,2.1,-23,1.7,1.9,25.17,23.91,1.052
Ogooué,04/19/12,-0.599,10.311,2.9,-28.9,11.5,4.3,11.18,15.76,0.709
Ogooué,04/19/12,-0.706,10.225,6.1,-29.5,19.5,3.6,12.26,16.67,0.735
Ogooué,04/20/12,-0.706,10.225,6.3,-29.2,28.2,3.3,13.36,16.88,0.792
Ogooué,05/04/12,-0.706,10.225,5,-29.7,19.7,4.8,12.43,16.27,0.764
Ogooué,05/18/12,-0.706,10.225,5.2,-29.6,19.2,5,12.48,16.56,0.754
Ogooué,06/01/12,-0.706,10.225,6.1,-29.7,26.3,5.1,11.84,15.93,0.743
Ogooué,06/15/12,-0.706,10.225,5.8,-29.5,23.9,5.1,12.02,16.13,0.745
Ogooué,06/29/12,-0.706,10.225,4.6,-29.8,19.2,5.1,11.99,16.32,0.735
Ogooué,07/13/12,-0.706,10.225,3.6,-29.9,16.5,5.4,11.58,16.15,0.717
Ogooué,07/27/12,-0.706,10.225,2.5,-30.1,11.5,5.3,12.32,16.7,0.738
Ogooué,08/10/12,-0.706,10.225,2,-30.2,9.4,4.8,11.98,16.88,0.71
Ogooué,08/24/12,-0.706,10.225,1.7,-29.8,7.7,5.1,12.33,16.52,0.746
Ogooué,09/07/12,-0.706,10.225,1.6,-29.9,7.4,5,12.57,17,0.739
Ogooué,09/21/12,-0.706,10.225,2,-29.8,7.4,4.6,13.13,17.7,0.742
Ogooué,10/05/12,-0.706,10.225,5.3,-29.5,19.8,4.8,12.72,16.99,0.749
Ogooué,10/19/12,-0.706,10.225,8.8,,36,5.1,11.82,15.33,0.771
Ogooué,11/02/12,-0.706,10.225,7.7,-29.3,32.8,5.4,12,16.07,0.747
Ogooué,11/16/12,-0.706,10.225,7.7,-29.7,34.4,5.4,11.72,15.89,0.738
Ogooué,11/30/12,-0.706,10.225,7.3,-29.7,28.1,4.9,11.71,16.18,0.724
Ogooué,12/14/12,-0.706,10.225,7.3,-29.7,31.3,5.1,11.44,15.85,0.722
Ogooué,12/28/12,-0.706,10.225,7.5,-29.7,35.1,3.4,13.71,19.28,0.711
Ogooué,01/11/13,-0.706,10.225,5.8,-29.2,24.7,5.3,12.3,16.61,0.74
Ogooué,01/25/13,-0.706,10.225,4.8,,18.8,4.8,12.01,16.35,0.735
Ogooué,02/08/13,-0.706,10.225,4.3,-29.5,18.4,5,11.86,16.04,0.74
Ogooué,02/22/13,-0.706,10.225,4.3,-29.2,20,5.7,11.94,16.16,0.739
Ogooué,03/08/13,-0.706,10.225,4.1,-29.2,19.1,5.3,11.92,16.15,0.738
Ogooué,03/22/13,-0.706,10.225,4.8,-29.2,19.1,4.9,11.75,16.36,0.718
Ogooué,04/05/13,-0.706,10.225,5.6,-29.2,23.8,5,11.65,16.06,0.725
Ogooué,04/19/13,-0.706,10.225,5.1,-29.6,19.2,4.5,12.1,16.31,0.742
Ogooué,05/03/13,-0.706,10.225,5.7,,23.2,4.7,11.64,15.99,0.728
Ogooué,05/17/13,-0.706,10.225,5.8,-29.7,21.9,4.8,12.22,16.35,0.748
Ogooué,05/31/13,-0.706,10.225,5.2,-29.7,21.7,5.2,11.89,16.27,0.731
Ogooué,06/14/13,-0.706,10.225,5.1,-30.1,19,4.6,11.97,16.66,0.718
Ogooué,06/28/13,-0.706,10.225,4.2,-30.1,17.2,5.2,12.19,17.51,0.696
Ogooué,07/12/13,-0.706,10.225,3.8,-30.2,15.3,5,12.12,17.38,0.697
Ogooué,07/26/13,-0.706,10.225,3.7,-30.2,16,5.2,12.11,16.57,0.731
Ogooué,08/09/13,-0.706,10.225,3.5,-30.1,15.7,5.5,11.99,16.32,0.735
Ogooué,08/23/13,-0.706,10.225,3.5,-29.7,13.7,4.7,12.11,16.35,0.74
Ogooué,09/06/13,-0.706,10.225,2.6,-30,11.4,5.3,11.96,16.77,0.713
Ogooué,09/20/13,-0.706,10.225,3.3,-30.4,14.2,5.3,12.24,16.59,0.738
Ogooué,10/04/13,-0.706,10.225,4.1,-29.5,17,5.1,12.6,16.23,0.776
Ogooué,10/18/13,-0.706,10.225,7.6,-29.8,32.5,5.5,12.12,16.36,0.741
Ogooué,11/01/13,-0.706,10.225,9.5,-29.2,36.4,5,12.19,18.36,0.664
Ogooué,11/14/13,-0.706,10.225,9.2,,40.8,5.3,11.43,15.74,0.726
Ogooué,11/28/13,-0.706,10.225,8.1,-29.3,37.4,5.4,11.5,15.53,0.74
Ogooué,12/11/13,-0.706,10.225,7.3,-29.4,29.1,4.8,12.07,16.03,0.753
Ogooué,12/27/13,-0.706,10.225,6.9,-29.4,29.6,5.3,11.85,15.73,0.753
Ogooué,01/10/14,-0.706,10.225,5,-29.6,24,5.6,11.72,16.14,0.726
Ogooué,01/24/14,-0.706,10.225,4,-29.1,15.3,5.3,12.92,20.68,0.624
Ogooué,02/07/14,-0.706,10.225,3.8,-29.3,17.6,5.2,11.72,15.8,0.742
Ogooué,02/21/14,-0.706,10.225,4.1,-29.7,18.2,5.6,12.01,16.72,0.718
Ogooué,03/07/14,-0.706,10.225,5.3,-29.4,16.1,3.8,12.07,16.32,0.74
Ogooué,03/21/14,-0.706,10.225,4.9,-29.1,20,5.1,12.38,16.08,0.77
Ogooué,04/04/14,-0.706,10.225,4.6,-29.3,16.5,4.5,12.81,16.05,0.798
Ogooué,04/18/14,-0.706,10.225,5.3,-29.7,23.5,5.5,11.87,15.58,0.762
Congo,12/03/13,0.506,25.187,5.9,-29,25.5,4.8,11.47,15.37,0.746
Congo,12/03/13,0.563,25.12,3.4,-30.2,14.6,5.1,11.81,15.96,0.74
Congo,12/03/13,0.568,25.117,3.8,-29.5,15.4,4.5,11.88,16.31,0.728
Congo,12/03/13,0.582,24.761,5.4,-29,22.3,4.7,11.51,15.4,0.748
Congo,12/03/13,0.746,24.397,5.8,-29.4,25,4.7,11.51,15.2,0.757
Congo,12/04/13,0.773,24.271,13.4,-29.6,58.4,5.1,11.23,14.85,0.756
Congo,12/04/13,1.006,24.059,5.9,-29.1,24.5,4.6,11.74,15.76,0.745
Congo,12/04/13,1.14,23.65,6.2,-28.8,25.7,4.7,11.51,15.47,0.744
Congo,12/04/13,1.232,23.616,5.4,-29.5,21.8,4,11.98,15.79,0.759
Congo,12/05/13,1.342,23.426,7.3,-30.3,31.6,4.8,11.36,15.65,0.726
Congo,12/05/13,1.478,23.379,5.7,-29.5,25.4,4.8,11.4,15.32,0.744
Congo,12/05/13,1.517,23.345,13.1,-30.1,55.1,4.8,11.43,14.95,0.765
Congo,12/05/13,1.798,23.087,6.7,-29.7,21.3,3.6,11.8,15.97,0.739
Congo,12/06/13,1.994,22.718,7.1,,26.3,3.8,11.41,15.37,0.742
Congo,12/06/13,2.064,22.698,9.2,-30.4,40.6,5.1,11.5,15.12,0.761
Congo,12/06/13,2.206,22.332,8.1,-30,37.8,5.1,11.35,15.03,0.755
Congo,12/06/13,2.198,22.296,5.4,-30,23.1,4.8,11.99,15.78,0.76
Congo,12/06/13,2.186,21.901,5.6,-29.5,29.3,5.4,11.3,14.8,0.764
Congo,12/07/13,2.105,21.665,15.2,-29.8,59.7,4.5,11.29,15.01,0.752
Congo,12/07/13,2.078,21.52,20.1,-29.8,77.5,4.6,11.46,15.54,0.737
Congo,12/07/13,2.101,21.454,7,-29.7,21.9,3.5,11.71,16,0.732
Congo,12/07/13,2.043,21.062,8.9,-30.6,22.3,3.8,12.11,16.47,0.735
Congo,12/07/13,2.051,21.023,9.4,-30,35.3,4.6,11.89,15.56,0.764
Congo,12/07/13,2.017,20.664,6.9,-29.5,21.8,4,12.15,16.37,0.742
Congo,12/08/13,2.03,20.501,10.6,-29.9,33.7,4.3,12.12,15.71,0.772
Congo,12/08/13,1.965,20.197,6.8,-29.6,22.4,3.6,12.17,16.14,0.754
Congo,12/08/13,1.97,20.064,10.4,-29.7,37.5,4.1,11.61,15.57,0.746
Congo,12/08/13,1.91,19.817,12.7,-30.1,44.1,4.5,12.19,15.53,0.785
Congo,12/08/13,1.855,19.783,5.8,-29.2,19.7,3.9,12.17,16.6,0.733
Congo,12/09/13,1.751,19.359,6.6,-29.6,22.6,3.8,12.08,16.19,0.746
Congo,12/09/13,1.637,19.16,14.9,-29.8,51.3,4.3,12.13,15.68,0.774
Congo,12/09/13,1.49,18.992,6.1,-29.6,20.3,3.7,12.15,16.48,0.737
Congo,12/10/13,1.262,18.793,12.2,-29.7,46.7,4.6,11.8,15.62,0.755
Congo,12/10/13,1.251,18.75,11.9,-29.7,42.8,4.4,12,15.44,0.777
Congo,12/10/13,1.16,18.651,12.8,-29.6,42.5,4.1,12.07,15.45,0.781
Congo,12/10/13,1.125,18.61,9.9,-30,38.5,4.8,11.61,15.63,0.743
Congo,12/10/13,1.128,18.621,11.6,-30,45.1,4.7,11.98,15.55,0.771
Congo,12/10/13,1.128,18.626,15.1,-30.2,54.9,4.6,12.39,15.8,0.784
Congo,12/11/13,1.033,18.529,12.1,-30.1,46.1,4.6,12.02,15.56,0.772
Congo,12/11/13,0.854,18.387,6.1,-29.6,23.3,4.4,11.92,16.03,0.744
Congo,12/11/13,0.684,18.401,33.8,-30.1,125.4,4.7,11.86,16.06,0.738
Congo,12/11/13,0.463,18.331,10,-29.6,35.8,4.3,11.68,15.59,0.749
Congo,12/12/13,0.109,18.281,47.8,,180.5,4.8,11.79,16.11,0.732
Congo,12/12/13,0.112,18.281,31.8,-30,122.7,4.7,11.42,15.56,0.734
Congo,12/12/13,0.071,18.317,30.2,-30.1,106.9,4.5,11.91,15.86,0.751
Congo,12/12/13,-0.055,18.379,40.8,-29.8,154.2,4.8,11.86,16.06,0.738
Congo,12/13/13,0.043,18.225,7.1,-29.4,23.4,3.9,11.69,15.66,0.747
Congo,12/13/13,-0.298,17.965,7.2,-29.2,25.2,4,11.83,15.6,0.759
Congo,12/14/13,-0.49,17.702,7.2,-29,31.7,4,11.29,15.05,0.75
Congo,12/14/13,-0.612,17.663,7.2,-29.3,28,4.7,11.63,15.42,0.754
Congo,12/14/13,-0.601,17.805,21.1,-29.7,87,5.1,12.14,15.03,0.808
Congo,12/14/13,-0.899,17.397,8.7,-29.5,31.9,4.2,11.57,15.08,0.767
Congo,12/15/13,-0.934,17.417,33,-29.7,119.4,4.5,12.09,15.67,0.771
Congo,12/15/13,-1.133,16.991,9.2,-29.4,34.3,4.5,11.56,15.3,0.756
Congo,12/15/13,-1.223,16.82,23.1,-29.3,78.9,4.1,11.72,15.43,0.76
Congo,12/15/13,-1.424,16.702,9.6,-29.3,35.4,4.3,11.8,15.45,0.763
Congo,12/16/13,-1.72,16.665,24.8,-29.2,90.5,4.4,11.67,15.44,0.756
Congo,12/16/13,-1.882,16.569,23.7,-29.6,93.3,4.7,11.51,15.25,0.755
Congo,12/16/13,-1.869,16.5,9.4,-29.4,34.3,4.3,12.02,15.46,0.777
Congo,12/16/13,-2.127,16.304,20.8,-28.8,81.3,5,11.81,15.32,0.771
Congo,12/16/13,-2.133,16.202,11.4,-29.4,40.1,3.9,11.71,15.34,0.763
Congo,12/17/13,-2.58,16.223,10,-29.4,35.2,3.9,11.61,15.22,0.763
Congo,12/17/13,-2.853,16.2,15.7,-28.7,58.6,4.6,11.71,15.5,0.756
Congo,12/17/13,-2.941,16.156,1.8,-29.1,3.6,3.3,13.97,16.98,0.823
Congo,12/17/13,-3.016,16.186,13.9,-29.1,42.3,3.8,12.13,15.44,0.786
Congo,12/18/13,-3.178,16.197,8.6,-28,33.5,4.2,11.48,14.93,0.769
Congo,12/18/13,-3.302,16.235,14.1,-28.8,52.9,4.5,11.68,15.46,0.756
Congo,12/18/13,-3.429,16.157,12.5,-29.3,45.4,4.4,11.87,15.34,0.774
Congo,12/18/13,-3.563,16.099,17.1,-29.1,66.1,4.7,11.29,15.33,0.737
Congo,12/18/13,-3.817,15.949,13.6,-29.2,45.4,3.9,11.79,15.33,0.769
Congo,12/19/13,-3.949,15.908,5.3,-28.5,19.4,4.7,11.27,14.75,0.764
Congo,12/19/13,-4.019,15.615,11.3,-29.3,45.3,4.7,11.69,15.39,0.76
Congo,12/19/13,-4.193,15.526,11.9,-29.1,46.6,4.9,11.79,15.27,0.772
Congo,12/19/13,-4.246,15.551,4.2,-28,12,3,12.5,16.43,0.761
Congo,12/19/13,-4.307,15.35,11.9,-29,46.1,4.7,11.77,15.38,0.766
Congo,06/10/14,0.505,25.187,5.1,-25.2,16.7,4.2,12.3,16.34,0.753
Congo,06/10/14,0.562,25.125,4.2,-28.9,18.5,5.3,11.73,16.14,0.727
Congo,06/10/14,0.577,25.12,3.2,-29.9,15.1,5.4,11.75,17.01,0.691
Congo,06/10/14,0.581,24.76,4.9,-26.2,18.1,4.5,12.16,15.89,0.765
Congo,06/10/14,0.629,24.664,11.9,-30.6,48.1,5.1,11.74,15.49,0.758
Congo,06/10/14,0.738,24.564,4.6,-29.7,17.8,4.7,11.4,15.76,0.723
Congo,06/11/14,0.752,24.389,5.4,-27.3,17.9,3.9,11.94,16.17,0.739
Congo,06/11/14,0.764,24.262,7.8,-29.3,35.1,5,11.16,14.83,0.752
Congo,06/11/14,1.007,24.071,4.4,-27.5,16.7,4.6,12.13,16.39,0.74
Congo,06/11/14,1.076,23.946,5,-29,13.1,3.1,11.31,15.74,0.719
Congo,06/11/14,1.144,23.647,4.8,-26.9,16.1,4.1,12.39,16.53,0.75
Congo,06/12/14,1.23,23.612,7.7,-29.2,24.2,3.7,11.86,15.85,0.748
Congo,06/12/14,1.341,23.423,6.7,-30.2,30.6,5.1,11.25,16.02,0.702
Congo,06/12/14,1.479,23.378,5.2,-28.1,17.4,3.9,11.98,15.96,0.751
Congo,06/12/14,1.517,23.347,41.5,-30.4,166.2,5.2,12.05,16.3,0.739
Congo,06/12/14,1.81,23.066,4.2,-26.6,18,5.4,12.4,16.08,0.771
Congo,06/13/14,1.992,22.709,4.7,-27.1,17.2,4.5,12.03,15.74,0.764
Congo,06/13/14,2.064,22.696,11.2,-30.3,42.9,4.8,12.1,15.6,0.776
Congo,06/13/14,2.128,22.595,33.9,-30.1,136.7,5.3,12.28,15.98,0.768
Congo,06/13/14,2.198,22.451,12.8,-30.7,53,5.1,11.58,15.23,0.761
Congo,06/14/14,2.202,22.341,5.3,-27.8,17.7,4.2,12.2,15.98,0.764
Congo,06/14/14,2.217,21.985,11.1,-30.2,40.6,4.6,12.29,16.14,0.761
Congo,06/14/14,2.184,21.892,5.6,-27.8,21.4,4.5,11.79,15.46,0.762
Congo,06/14/14,2.176,21.663,8.8,-30.2,31.3,4.5,12.41,15.89,0.781
Congo,06/15/14,2.105,21.481,4.8,-26.1,16.5,4.2,12.42,15.89,0.782
Congo,06/15/14,2.074,21.141,8.5,-29.4,34.2,4.6,11.74,15.22,0.771
Congo,06/15/14,2.044,21.083,4.4,-27.1,16.3,4.6,12.39,15.79,0.785
Congo,06/15/14,2.051,21.022,22.4,-30.5,83.1,4.9,13.03,15.59,0.836
Congo,06/16/14,1.968,20.694,31,-29.9,109.2,4.8,12.76,16.38,0.779
Congo,06/16/14,1.971,20.67,35.6,-29.9,149.6,5.2,12.3,15.34,0.802
Congo,06/16/14,1.998,20.571,5.3,-26.7,18.1,4.3,12.52,15.92,0.787
Congo,06/16/14,2.016,20.419,21.2,-29.5,71.5,4.2,13.11,16.31,0.804
Congo,06/16/14,2.004,20.376,10.1,-29.4,36.7,4.3,12.18,15.28,0.797
Congo,06/16/14,1.963,20.199,4.6,-27.8,17.6,4.6,12.1,15.73,0.769
Congo,06/16/14,1.979,20.129,26.5,-29.5,85.9,4.1,13.62,16.5,0.826
Congo,06/17/14,1.97,20.063,9.6,-29.3,35.8,4.3,12.07,15.68,0.77
Congo,06/17/14,1.91,19.817,15.2,-30.2,50.7,4.3,12.44,15.68,0.793
Congo,06/17/14,1.856,19.785,5.1,-27.2,16.5,4.1,12.63,15.78,0.8
Congo,06/17/14,1.815,19.474,38.1,-29.6,118.5,4.5,13.74,17.15,0.802
Congo,06/17/14,1.756,19.368,6.2,-28.5,24.1,4.7,12.13,15.58,0.778
Congo,06/18/14,1.515,19.017,5.5,-27.3,17.3,3.8,12.39,15.88,0.78
Congo,06/18/14,1.484,18.928,67.8,-30.4,249.4,4.4,13.21,17.05,0.774
Congo,06/18/14,1.225,18.665,5.5,-27.1,19,4.3,12.64,15.76,0.802
Congo,06/18/14,1.037,18.542,12.1,-29.5,43.9,4.5,12.59,14.75,0.854
Congo,06/18/14,0.929,18.455,15,-29.7,55.6,4.7,12.87,15.36,0.838
Congo,06/19/14,0.872,18.393,4.8,-26.9,17.4,4.4,12.24,15.56,0.787
Congo,06/19/14,0.686,18.401,31.8,-30,134.5,5.5,12.1,15.72,0.77
Congo,06/19/14,0.463,18.325,5.2,-26.9,19.3,4.5,12.36,15.4,0.802
Congo,06/19/14,0.379,18.336,47.2,-30.4,209.5,5.5,12.61,15.98,0.789
Congo,06/19/14,0.109,18.297,54.4,-30.6,216.5,5.3,12.08,16.37,0.738
Congo,06/20/14,0.074,18.313,20.2,-30,86.2,5.3,11.9,15.53,0.766
Congo,06/20/14,0.089,18.3,48.8,-30.3,208.9,5.6,12.03,16.09,0.748
Congo,06/21/14,0.036,18.22,4.3,-26.6,19.8,5.6,12.29,15.37,0.799
Congo,06/21/14,-0.132,18.034,30.1,-29.8,93.9,3.8,13.83,16.65,0.831
Congo,06/21/14,-0.28,17.98,5.7,-27.3,19.9,4.3,12.33,15.29,0.806
Congo,06/21/14,-0.36,17.749,18.1,-29.2,61.3,4.6,13.33,16.12,0.827
Congo,06/23/14,0.455,18.015,21.9,-29,74,4.7,13.32,16.32,0.816
Congo,06/23/14,0.435,17.958,5.8,-28.1,31.9,5.4,11.53,14.66,0.786
Congo,06/23/14,0.321,17.948,28.5,-29.6,89.2,4.2,14.01,16.59,0.845
Congo,06/23/14,-0.033,17.748,6,-28.1,28.1,5,12.23,15.19,0.805
Congo,06/24/14,-0.501,17.703,6.7,-28.4,34.5,5,11.56,14.8,0.781
Congo,06/24/14,-0.61,17.667,4.4,-26.9,17.8,4.9,12.26,15.74,0.779
Congo,06/24/14,-0.678,17.879,14.7,-29.4,51.8,4.8,13.25,16.06,0.825
Congo,06/24/14,-0.601,17.807,14.4,-29.8,49.1,4.6,13.35,16.21,0.824
Congo,06/25/14,-0.921,17.38,6.5,-28.1,29,5.4,11.64,15.25,0.763
Congo,06/25/14,-0.933,17.419,39.4,-29.7,171.2,5.2,12.59,16.71,0.753
Congo,06/25/14,-1.072,17.259,23.3,-29.5,93.6,5.1,11.98,15.84,0.756
Congo,06/25/14,-1.116,16.982,5.5,-28,25.7,5.4,11.93,15.3,0.78
Congo,06/25/14,-1.213,16.829,12.7,-29.6,54.2,5.1,11.85,15.69,0.755
Congo,06/26/14,-1.45,16.709,6.1,-27.8,24.9,4.8,12.11,15.81,0.766
Congo,06/26/14,-1.719,16.665,22.6,-28.9,83.4,5,12.35,15.75,0.784
Congo,06/26/14,-1.84,16.557,7,-28,30.1,5.2,12.03,15.24,0.789
Congo,06/26/14,-1.88,16.571,18,-28.7,78.9,5.4,11.93,15.17,0.786
Congo,06/26/14,-2.126,16.304,12.4,-28.4,52.3,5.3,11.95,15.45,0.774
Congo,06/27/14,-2.136,16.21,6.8,-28.3,26.5,4.4,12.23,15.38,0.795
Congo,06/27/14,-2.58,16.228,6.3,-28.1,27,5,12.15,15.39,0.789
Congo,06/27/14,-2.853,16.2,3,-28.3,13.6,5.5,11.84,16.18,0.732
Congo,06/28/14,-3.034,16.187,7.3,-28.3,31.2,4.9,12.05,15.42,0.782
Congo,06/28/14,-3.177,16.199,5.7,-28.6,27.4,5.2,11.14,14.88,0.749
Congo,06/28/14,-3.306,16.243,2.9,-28,14.8,5.2,11.1,15.83,0.701
Congo,06/28/14,-3.435,16.152,9.7,-29.1,43.9,5.3,11.76,15.39,0.764
Congo,06/28/14,-3.562,16.1,3.5,-28.1,16.8,5.5,11.25,14.95,0.753
Congo,06/29/14,-3.758,15.989,1.9,-27.5,8.7,5.1,10.82,15.7,0.689
Congo,06/29/14,-3.828,15.946,9.6,-29.3,45.3,5.4,11.55,15.03,0.768
Congo,06/29/14,-3.95,15.911,1.8,-27.8,8.4,5.4,11.47,15.87,0.723
Congo,06/29/14,-3.95,15.923,2.2,-28,8.7,5,11.99,14.78,0.812
Congo,06/29/14,-4.02,15.613,9.6,-28.9,43.8,5.4,11.78,15.39,0.765
Congo,06/30/14,-4.247,15.547,1.8,-26,6.5,4.3,11.71,16.52,0.708
Congo,06/30/14,-4.306,15.357,9.4,-28.8,42.9,5.5,11.56,15.32,0.755
Congo,05/02/10,24.266,0.769,8.3,-30,30.8,4.7,11.46,15.57,0.736
Congo,05/02/10,24.277,0.785,6,-29.2,17.7,4,12.11,16.47,0.735
Congo,05/05/10,24.329,0.826,3,,12.6,4.7,10.93,15.78,0.693
Congo,05/05/10,24.345,0.843,3.5,-29.4,16.3,5.8,10.67,15.42,0.692
Congo,05/05/10,24.329,0.831,2.8,-28.7,13.3,5.9,11.56,16.26,0.711
Congo,05/06/10,24.284,0.713,24.3,-29.6,103,5.4,12.95,14.96,0.866
Congo,05/08/10,24.234,0.809,4.3,-27.5,19.7,4.4,14.82,17.65,0.84
Congo,05/09/10,23.58,1.189,4.5,-26.4,20,5.7,11.83,15.74,0.751
Congo,05/09/10,23.274,1.548,4.5,-26.4,18.8,5,12.03,15.76,0.763
Congo,05/09/10,22.86,1.941,4.3,-27.2,17.7,5.5,12.08,16.41,0.736
Congo,05/11/10,22.825,2.038,6.7,-29.9,30.3,5.7,12.29,15.62,0.787
Congo,05/11/10,22.819,2.064,6.9,-30,29.9,5.7,12.41,15.74,0.788
Congo,05/12/10,22.748,2.041,9.9,-29.5,39.9,5.4,12.44,16.2,0.768
Congo,05/13/10,22.654,2.089,4.6,-26.8,18.2,4.7,12.1,16.15,0.749
Congo,05/13/10,22.744,2.048,7.9,-30,36.6,5.6,12.12,15.69,0.772
Congo,05/15/10,22.458,2.172,5.9,-28.8,17.6,3.6,12.37,16.68,0.742
Congo,05/18/10,23.103,1.775,4,-26.8,18.8,5.7,11.8,16.05,0.735
Congo,05/19/10,23.619,1.234,7.3,-29.1,33.8,5.8,11.92,16.11,0.74
Congo,05/20/10,23.651,1.248,11.1,-29.9,49.3,5.7,11.98,15.76,0.76
Congo,05/20/10,23.728,1.248,29.2,-29.6,118.1,5.1,12.41,15.24,0.814
Congo,05/21/10,23.8,1.288,11.2,-29.4,48.3,5.2,12.2,16.15,0.755
Congo,05/22/10,23.857,1.294,8,-28.9,33.7,5.4,12.15,16.48,0.737
Congo,05/23/10,23.968,1.314,7.9,-29.7,32.6,5.4,11.85,15.75,0.752
Congo,05/23/10,23.968,1.307,7.4,-28.9,27.2,5.2,12.57,16.55,0.759
Congo,05/23/10,23.913,1.247,7.4,-28.7,26.7,5.1,12.65,16.85,0.751
Congo,05/24/10,23.926,1.249,23.4,-29.2,94.3,5.3,12.17,16.57,0.735
Congo,05/24/10,23.734,1.269,4.4,-26.9,20,5.3,11.62,15.64,0.743
Congo,05/25/10,24.112,0.995,7.4,-28.8,13.9,2.6,12.68,17,0.746
Congo,05/27/10,24.19,0.674,7.9,-29,28.1,4.4,11.6,15.42,0.753
Congo,05/28/10,24.177,0.49,12.7,-29.4,52,5.4,12.04,15.94,0.755
Congo,05/28/10,24.165,0.475,6.1,-27.8,26.9,5.1,11.89,16.02,0.742
Congo,05/29/10,24.264,0.633,6.3,-28.2,26,5.2,11.7,15.81,0.74
Congo,05/30/10,24.198,0.867,35,-29.4,126.3,4.9,13.25,16.66,0.795
Congo,05/30/10,24.266,0.767,7.7,-28.3,34.7,5.3,11.59,15.1,0.767
Congo,05/31/10,24.228,0.738,23,-29.5,92.9,5.3,12.32,16.02,0.769
Congo,05/31/10,24.228,0.737,6.8,-28.1,31.6,5.8,11.66,15.42,0.756
Congo,06/01/10,24.311,0.762,4.1,-25.7,15.9,4.7,12.22,16.19,0.754
Congo,06/02/10,24.434,0.729,37.4,-29.9,179.9,5.8,11.36,14.93,0.761
Congo,06/02/10,24.461,0.741,4.3,-26,15.8,4.9,12.45,16.25,0.766
Congo,06/02/10,24.392,0.762,4,-28.8,17.3,5.3,11.23,15.84,0.709
Congo,06/03/10,24.267,0.798,6.2,-27.7,25.7,5.1,11.63,15.41,0.755
Congo,06/03/10,24.263,0.804,5.2,-27,19.2,4.9,12.31,15.77,0.781
Congo,06/04/10,24.185,0.636,9.2,-29.6,40.2,5.6,11.61,15.79,0.735
Congo,06/05/10,24.664,0.643,4,-27.3,14.2,4.6,12.53,16.21,0.773
Congo,06/06/10,24.902,0.577,4.1,-26.7,15,4.8,12.7,16.26,0.781
Congo,06/06/10,25.142,0.56,4.3,-29.8,15.8,5.2,12.63,16.84,0.75
Congo,06/06/10,25.118,0.57,3.2,-28.7,9.3,3.6,13.84,15.93,0.869
Congo,06/06/10,25.181,0.5,4.2,-25.8,12.9,4.4,12.99,16.6,0.783
Congo,12/11/12,0.542,25.186,5.1,-29.7,16.4,4.4,11.42,16.39,0.697
Congo,12/28/12,0.542,25.186,3.7,-29.6,12.7,4.3,12.05,16.85,0.715
Congo,01/13/13,0.542,25.186,3.4,-29.6,10.4,4.1,12.85,17.9,0.718
Congo,01/28/13,0.542,25.186,2.7,-29.6,10,4.4,12.62,17.5,0.721
Congo,02/13/13,0.542,25.186,2.9,-29.8,11.5,4.6,11.49,15.57,0.738
Congo,02/27/13,0.542,25.186,4.1,-29.7,14.5,4.7,12.18,16.52,0.737
Congo,03/15/13,0.542,25.186,2.5,-29.8,8.1,4.3,11.87,16.54,0.718
Congo,03/28/13,0.542,25.186,3.4,-29.9,12.9,4.9,11.66,16.08,0.725
Congo,04/13/13,0.542,25.186,3.9,-29.9,14.6,4.9,11.67,16.36,0.713
Congo,05/01/13,0.542,25.186,3.8,-30.2,14.5,4.9,12.16,16.59,0.733
Congo,05/14/13,0.542,25.186,3.4,-30.2,12.3,4.8,11.83,16.42,0.72
Congo,05/28/13,0.542,25.186,2.8,-30,10,4.8,11.92,16.58,0.719
Congo,06/18/13,0.542,25.186,3.1,-30.1,11.6,4.8,12.14,16.5,0.736
Congo,06/28/13,0.542,25.186,3.1,-29.7,10.2,4.3,11.96,16.28,0.735
Congo,07/12/13,0.542,25.186,3.8,-30.4,16.2,5.4,12.47,16.81,0.742
Congo,07/27/13,0.542,25.186,2.5,-30.3,11.7,5.2,11.85,16.36,0.724
Congo,08/12/13,0.542,25.186,3.6,-30.3,15.3,5.6,12.39,16.59,0.747
Congo,08/29/13,0.542,25.186,4.4,,18.9,4.9,11.85,15.72,0.754
Congo,09/10/13,0.542,25.186,3.2,-30.4,13.2,5.2,12,15.91,0.754
Congo,10/02/13,0.542,25.186,3.9,-30.2,15,5.2,11.9,16.46,0.723
Congo,10/17/13,0.542,25.186,3.2,-29.9,11.3,4.9,12.22,17.19,0.711
Congo,10/30/13,0.542,25.186,3.6,-30.2,15.9,5.8,11.65,15.71,0.741
Congo,11/12/13,0.542,25.186,4.1,-29.8,14,4.6,11.83,16.8,0.704
Congo,11/25/13,0.542,25.186,4,-29.8,15.8,5.2,11.47,16.51,0.695
Congo,12/10/13,0.542,25.186,2.5,-29.4,11.3,4.8,12.18,16.77,0.726
Congo,12/27/13,0.542,25.186,2.9,-29.1,9.3,4.1,13.09,17.74,0.738
Congo,01/22/14,0.542,25.186,2.8,-28.6,11.3,4.2,11.95,15.7,0.761
Congo,01/31/14,0.542,25.186,2.5,-29.3,10,4.4,12.52,16.19,0.773
Congo,02/16/14,0.542,25.186,2.8,,9.6,3.9,12.78,15.75,0.811
Congo,02/28/14,0.542,25.186,3.4,-28.3,13.5,4.5,12.59,15.5,0.813
Congo,03/09/14,0.542,25.186,3.5,-28.7,13.3,4.7,12.21,15.35,0.795
Congo,03/29/14,0.542,25.186,4.8,-30.1,19.7,5.1,12.41,15.85,0.783
Congo,04/14/14,0.542,25.186,5.1,-30.2,21.1,5,12.31,16.1,0.765
Congo,04/29/14,0.542,25.186,5.1,-30,21.6,5.2,12.03,15.74,0.765
Congo,05/14/14,0.542,25.186,5.8,-30.3,23.3,5.1,12.05,16.83,0.716
Congo,05/29/14,0.542,25.186,5.3,-30,22.8,5.2,11.78,15.79,0.746
Congo,06/16/14,0.542,25.186,4.8,-29.6,17.6,4.3,12.19,15.09,0.808
Congo,07/01/14,0.542,25.186,4.2,-29.8,14.6,4,12.53,15.67,0.8
Congo,07/15/14,0.542,25.186,3,-29.5,11.7,4.2,12.56,15.68,0.801
Congo,07/28/14,0.542,25.186,3.5,-29.5,11.8,3.9,12.99,16.65,0.78
Congo,08/14/14,0.542,25.186,4.1,-29,13.7,4.2,12.67,16.23,0.781
Congo,08/30/14,0.542,25.186,3.1,-29.3,12.1,4.4,12.43,14.89,0.835
Congo,09/16/14,0.542,25.186,4.5,-29.5,16.9,4.7,12.44,15.27,0.815
Congo,09/30/14,0.542,25.186,4,-29,15.9,4.5,12.26,15.26,0.803
Congo,10/10/14,0.542,25.186,4.3,-29.7,15.8,4.7,12.64,15.69,0.806
Congo,10/27/14,0.542,25.186,5,-29.4,18.3,4.6,12.24,15.58,0.785
Congo,11/17/14,0.542,25.186,4.4,,18.4,4.5,11.82,15.58,0.759
Congo,12/10/12,0.499,25.2,8.1,-28.8,29.8,4.7,11.08,15.11,0.733
Congo,12/12/12,0.499,25.2,6.9,-28.8,26.8,4.9,11.4,15.45,0.738
Congo,12/27/12,0.5,25.198,5.8,-28.2,23.7,5,11.13,15.24,0.73
Congo,01/12/13,0.5,25.198,5.2,-27.6,23.1,5.4,11.3,15.05,0.751
Congo,01/27/13,0.499,25.199,5.8,-27.7,23,4.9,11.51,15.26,0.754
Congo,02/11/13,0.499,25.197,6.5,-27.8,28,5.2,11.21,14.96,0.75
Congo,02/26/13,0.501,25.197,6,-28,23.1,4.9,11.46,15.31,0.748
Congo,03/14/13,0.499,25.2,5.1,-27.5,20,4.9,11.37,15.34,0.741
Congo,03/27/13,0.499,25.2,5.1,-27.4,20.2,4.9,11.52,15.39,0.748
Congo,04/12/13,0.499,25.2,6.3,-27.6,25.2,5,11.29,15.03,0.751
Congo,04/30/13,0.499,25.2,5.6,-27.8,20.3,4.5,11.34,15.06,0.753
Congo,05/13/13,0.499,25.2,4.8,-26.7,17.9,4.6,11.5,15.12,0.761
Congo,05/27/13,0.499,25.2,3.4,-25.8,11.2,4.3,11.87,15.1,0.786
Congo,06/18/13,0.499,25.2,3.5,-26.2,10.9,4.2,11.86,14.94,0.814
Congo,06/28/13,0.499,25.2,2.7,-26.4,9.3,4.7,13.35,16.62,0.803
Congo,07/11/13,0.499,25.2,2.9,-26.6,12.3,5.5,12.09,15.94,0.759
Congo,07/26/13,0.499,25.2,3,-27.1,11.9,5.1,12.33,15.64,0.788
Congo,08/12/13,0.499,25.2,4.1,-28.6,17,5.3,11.85,15.07,0.787
Congo,08/29/13,0.499,25.2,3.3,-28,12.8,5,12.39,15.67,0.791
Congo,09/10/13,0.499,25.2,5,-28.8,18,4.9,12.21,16.25,0.751
Congo,10/01/13,0.499,25.2,5.4,-28.8,17.1,4.4,12.22,16.73,0.73
Congo,10/18/13,0.499,25.2,5.2,-28.6,19,4.8,11.86,16.07,0.738
Congo,10/30/13,0.499,25.2,5.6,-29,19.7,4.6,11.79,16.13,0.731
Congo,11/12/13,0.499,25.2,6,-29,20.7,4.7,11.77,16.08,0.732
Congo,11/25/13,0.499,25.2,6.1,-28.8,26.8,5.1,11.63,15.16,0.767
Congo,12/15/13,0.499,25.2,5.2,-28.1,24.6,4.6,11.71,15.38,0.761
Congo,12/28/13,0.499,25.2,5.4,-27.6,23.3,4.8,11.81,15.51,0.761
Congo,01/21/14,0.499,25.2,4.9,-27.7,21.6,4.8,12,15.89,0.755
Congo,01/31/14,0.499,25.2,4.3,-27,20.9,4.3,11.72,14.15,0.829
Congo,02/16/14,0.499,25.2,5.4,-25,21.1,3.5,12.26,15.22,0.806
Congo,02/28/14,0.499,25.2,4.6,-26.8,20.1,4.1,12.03,14.74,0.816
Congo,03/09/14,0.499,25.2,5.1,-27.7,20.1,3.8,12.24,15.65,0.782
Congo,03/31/14,0.499,25.2,5.2,-27.5,21.6,4.8,11.92,15.62,0.764
Congo,04/14/14,0.499,25.2,5.9,-27.7,24.5,4.9,11.56,15.31,0.755
Congo,04/29/14,0.499,25.2,5.3,-26.9,22.9,4.8,11.78,15.11,0.78
Congo,05/14/14,0.499,25.2,5.2,-26.5,22.8,5.2,11.76,15.06,0.781
Congo,05/29/14,0.499,25.2,5.2,-27.1,22.2,4.7,12.43,16.15,0.769
Congo,06/16/14,0.499,25.2,4.1,-26.2,17.7,4.5,12.07,15.51,0.779
Congo,07/01/14,0.499,25.2,4,-25.8,16.9,4.5,12.24,15.82,0.774
Congo,07/16/14,0.499,25.2,3.5,-26.2,14.9,4.4,12.78,16.8,0.761
Congo,07/28/14,0.499,25.2,3.4,-26.4,14.6,4.4,12.33,15.97,0.772
Congo,08/14/14,0.499,25.2,4.5,-27.9,19.2,4.7,12.37,16.05,0.771
Congo,08/30/14,0.499,25.2,4.8,-28.6,20.4,4.8,12.56,16.39,0.766
Congo,09/16/14,0.499,25.2,4.8,-28.7,20.6,4.9,11.79,15.21,0.775
Congo,09/30/14,0.499,25.2,5.3,-29.3,22.8,5,12.41,16.12,0.77
Congo,10/10/14,0.499,25.2,6,-29.4,25.8,5,12.06,16.26,0.742
Congo,10/27/14,0.499,25.2,8.1,-29.9,34.7,5.3,11.97,15.61,0.766
Congo,11/20/12,0.774,24.597,7.3,-30.2,32.1,5.6,11.69,15.78,0.741
Congo,11/21/12,0.771,24.598,7.7,-30.2,32.7,5.4,11.6,15.79,0.735
Congo,11/21/12,0.777,24.6,7.6,-30.3,30.4,5.1,11.73,15.76,0.745
Congo,11/24/12,0.493,24.17,12.9,-29.1,55.5,5.2,11.38,14.89,0.765
Congo,11/24/12,0.49,24.177,13.4,-30.1,52.1,4.9,11.79,15.45,0.763
Congo,11/25/12,0.498,24.17,13.8,-29.1,56.5,5,11.51,15.03,0.765
Congo,11/25/12,0.514,24.173,2.4,-30.3,11.7,5.4,12.39,17.93,0.691
Congo,11/27/12,0.795,24.282,7,-28.7,26.9,4.7,11.7,15.44,0.758
Congo,11/27/12,0.769,24.266,13.3,-28.8,59.3,5.3,11.33,14.72,0.77
Congo,11/28/12,0.788,24.297,7,-28.7,25.5,4.2,11.12,13.62,0.817
Congo,12/01/12,0.738,24.228,33.9,-29.6,137.3,5.1,11.55,15.2,0.76
Congo,12/01/12,0.741,24.237,14.1,-29.2,59.2,5.1,11.34,14.97,0.758
Congo,12/03/12,0.773,24.312,5.9,-29.3,24.4,5,11.59,15.82,0.732
Congo,12/03/12,0.767,24.304,6.5,-29,24.3,4.7,11.77,15.61,0.754
Congo,12/04/12,0.761,24.296,7.3,-28.8,27.3,4.7,11.85,15.56,0.762
Congo,12/05/12,0.731,24.435,45,-29.7,227.2,5.6,11.35,12.45,0.911
Congo,12/05/12,0.644,24.663,6,-29.2,26.8,5.4,11.44,15.25,0.75
Congo,12/06/12,0.577,24.901,6.1,-29.2,24.9,5,11.93,15.51,0.769
Congo,12/07/12,0.562,25.125,4.2,-30,17.7,5.5,12.18,16.23,0.75
Congo,12/07/12,0.575,25.12,3.7,-29.9,16.1,5.5,11.79,16.27,0.725
Congo,12/08/12,0.502,25.196,8.4,-28.8,36.5,4.7,11.54,15.2,0.759
Congo,09/17/13,0.494,24.169,7.8,-29.5,28.8,4.5,0.01,0.02,0.792
Congo,09/18/13,0.495,24.176,5.4,-30.3,21.8,5.2,0.01,0.02,0.768
Congo,09/19/13,0.515,24.176,1.9,-30.2,6.4,4.9,0.01,0.02,0.643
Congo,03/13/14,0.507,24.174,8.3,-28.7,34.9,4.9,11.67,14.95,0.78
Congo,03/13/14,0.493,24.17,8.6,-28.6,37.9,5.1,11.49,14.83,0.775
Congo,03/13/14,0.5,24.176,9.1,-28.9,38.3,5,11.63,14.95,0.778
Congo,03/13/14,0.498,24.17,8.7,-28.5,35.7,5,12.11,15.56,0.779
Congo,03/14/14,0.496,24.176,9,,38.2,4.9,11.56,14.79,0.782
Congo,03/14/14,0.496,24.175,9.1,-28.4,38.7,5,11.56,14.82,0.78
Congo,03/14/14,0.497,24.178,7.9,,30.1,5.5,12.7,16.24,0.782
Congo,03/17/14,0.763,24.596,5.7,-30.1,20.4,4.4,11.92,15.84,0.752
Congo,03/17/14,0.758,24.596,1.9,-30.1,6.3,4.6,12.4,20.42,0.607
Congo,03/17/14,0.779,24.604,7.5,-30.2,19.3,3.2,11.94,15.53,0.769
Congo,03/18/14,0.766,24.598,4.2,-30,17.7,4.9,11.48,14.94,0.768
Congo,03/18/14,0.778,24.603,4,,16.6,4.6,11.93,15.79,0.756
Congo,03/18/14,0.784,24.604,4.3,-30.1,17.3,5,11.79,15.88,0.742
Congo,03/20/14,0.741,24.563,3.9,-30,16.5,5,11.61,15.07,0.77
Congo,03/20/14,0.737,24.563,3.9,-30,16.1,4.9,11.55,14.74,0.784
Congo,03/20/14,0.736,24.562,4,-29.3,17.2,5.1,11.76,14.83,0.793
Congo,03/20/14,0.73,24.559,4.8,-27.6,20.3,5.3,12.13,15.42,0.787
Congo,03/21/14,0.733,24.564,4.7,-27.9,19.1,5,12.28,15.56,0.789
Congo,03/21/14,0.724,24.561,4.7,-27.5,20.4,5.4,12.33,15.37,0.802
Congo,03/21/14,0.716,24.558,4.7,-27.7,19,5.3,12.58,15.68,0.802
