"Chl_S","Chl_D","Pheo_S","Pheo_D","ACDOM340_S","ACDOM340_D","ACDOM440_S","ACDOM440_D","DOC_S","DOC_D","CDOM_S","CDOM_D","NO2_S","NO2_D","NO3_S","NO3_D","PO4_S","PO4_D","Silicate_S","Silicate_D","NH4_S","NH4_D","TN_S","TN_D","TP_S","TP_D","ID","StationID"
8.3000000000000007e+00,,5.8975371000000001e+00,,1.1899601000000001e+01,,2.1648200000000002e+00,,5.7316799999999999e+00,,,,2.0478191999999999e-02,,1.6581460370000001e+00,,5.9920461789999997e+01,,5.4563401329999998e+01,,9.5666662000000002e-01,,,,,,731,"C1-2005-S01"
4.6299999999999999e+00,,3.9824284500000000e+00,,9.4837539999999994e+00,,1.6558569999999999e+00,,,,,,,,,,,,,,,,,,,,732,"C1-2005-S02"
4.1600000000000001e+00,,3.6044190000000000e+00,,5.1449020000000001e+00,,8.4289800000000004e-01,,3.3759999999999999e+00,,,,8.7621009999999996e-03,,3.2470073500000002e-01,,9.8897120399999991e+00,,2.5310790330000000e+01,,5.1800000000000002e-01,,,,,,733,"C1-2005-S03"
2.7500000000000000e+00,3.2300000000000000e+00,1.5393105000000000e+00,1.9747891799999999e+00,2.6254200000000001e+00,1.9253080000000000e+00,4.0532800000000002e-01,3.4084399999999998e-01,,,,,,,,,,,,,,,,,,,734,"C1-2005-S04"
3.6499999999999999e+00,,2.2528044000000000e+00,,2.3237269999999999e+00,,2.4642100000000000e-01,,2.9576666700000001e+00,,,,1.0123260000000000e-02,,5.6719109099999998e-01,,8.3612908200000007e+00,,1.8916884000000000e+01,,3.3600000000000002e-01,,,,,,735,"C1-2005-S05"
7.0099999999999998e+00,,5.3696260799999997e+00,,5.4581099999999996e+00,,8.9817000000000002e-01,,3.8593333300000001e+00,,,,3.2661664000000000e-02,,1.5576014350000000e+00,,2.2265881499999999e+01,,4.1351851330000002e+01,,9.4266662000000001e-01,,,,,,736,"C1-2005-S06"
1.4090000000000000e+01,,1.4265538560000000e+01,,1.6028880000000001e+01,,2.8234780000000002e+00,,6.8810399999999996e+00,,,,3.9215960000000001e-02,,1.0832817889999999e+00,,2.8383592170000000e+01,,6.0691713669999999e+01,,1.5633333800000000e+00,,,,,,737,"C1-2005-S07"
1.0980000000000000e+01,,8.5269202199999992e+00,,8.5118880000000008e+00,,1.4508900000000000e+00,,4.7206666700000000e+00,,,,3.4968975999999999e-02,,7.9190245900000000e-01,,2.5605892870000002e+01,,3.4172091330000001e+01,,1.3999999999999999e+00,,,,,,738,"C1-2005-S08"
4.2999999999999998e+00,,3.0478347900000000e+00,,2.4895429999999998e+00,,2.6714800000000000e-01,,,,,,,,,,,,,,,,,,,,739,"C1-2005-S09"
3.0899999999999999e+00,,2.0060913600000001e+00,,2.0588820000000001e+00,,3.1551099999999999e-01,,,,,,,,,,,,,,,,,,,,740,"C1-2005-S10"
3.4800000000000000e+00,3.8199999999999998e+00,1.8299736000000000e+00,2.3383760400000000e+00,2.6945100000000002e+00,2.7152370000000001e+00,3.4544999999999998e-01,3.2241999999999998e-01,2.6996666700000000e+00,,,,3.1145660000000000e-03,,1.9825552599999999e-01,,7.5288277499999996e+00,,1.6491636000000000e+01,,1.9600000000000001e-01,,,,,,741,"C1-2005-S11"
3.9399999999999999e+00,,2.0638800000000002e+00,,4.9560560000000002e+00,,9.0738200000000002e-01,,3.3116666700000001e+00,,,,2.3023140000000002e-03,,3.4287784500000001e-01,,1.0342772170000000e+01,,2.3936593330000001e+01,,5.2733337999999996e-01,,,,,,742,"C1-2005-S12"
5.2300000000000004e+00,,3.4440997499999999e+00,,1.2053902000000001e+01,,2.3720900000000000e+00,,5.1753333300000000e+00,,,,1.2352760000000001e-02,,8.2839967500000000e-01,,2.6677723069999999e+01,,5.7728417669999999e+01,,1.0546666200000001e+00,,,,,,743,"C1-2005-S13"
6.7400000000000002e+00,,4.4650753900000000e+00,,8.7813389999999991e+00,,1.5245860000000000e+00,,8.6426666700000006e+00,,,,1.0118901000000000e-02,,4.1681499999999999e-01,,1.7294298370000000e+01,,2.9423816670000001e+01,,6.8600000000000005e-01,,,,,,744,"C1-2005-S15"
4.0800000000000001e+00,4.4900000000000002e+00,2.7661151700000000e+00,2.8030070299999998e+00,5.5502300000000000e+00,6.9481510000000002e+00,1.0156229999999999e+00,1.2274989999999999e+00,3.5306666700000000e+00,4.3780000000000001e+00,,,1.1646227000000000e-02,1.1447427000000000e-02,5.9836028900000005e-01,6.3480746899999996e-01,1.2739757259999999e+01,1.5176549020000000e+01,3.2216917000000002e+01,3.3914690669999999e+01,4.0600000000000003e-01,5.2733337999999996e-01,,,,,745,"C1-2005-S16"
2.6600000000000001e+00,2.8300000000000001e+00,1.4398787799999999e+00,1.5735021100000000e+00,1.9131021000000000e+01,2.0434519000000002e+01,3.4821360000000001e+00,3.7216480000000001e+00,6.4111200000000004e+00,6.6341999999999999e+00,,,5.4482259999999996e-03,8.7025120000000008e-03,7.7145996999999994e-02,7.6934601000000005e-02,9.3422965399999995e+00,1.7751374380000001e+01,8.7367373300000004e+00,1.1197153330000001e+01,2.3799999999999999e-01,2.2866661999999999e-01,,,,,746,"C1-2005-S17"
3.1099999999999999e+00,,1.2633525500000000e+00,,6.6971239999999996e+00,,1.2436199999999999e+00,,3.5236666699999999e+00,,,,9.9588809999999993e-03,,5.1321231700000003e-01,,1.0830270940000000e+01,,2.1965503670000000e+01,,-4.2000000000000003e-02,,,,,,747,"C1-2005-S18"
4.3200000000000003e+00,3.1299999999999999e+00,1.2393599399999999e+00,1.8612757799999999e+00,5.4834430000000003e+00,5.2209009999999996e+00,9.4653299999999996e-01,8.3598899999999998e-01,3.4940400000000000e+00,3.3783333299999998e+00,,,9.3156369999999999e-03,6.4134980000000001e-03,5.0227800000000000e-01,5.0041896299999999e-01,1.0885552390000001e+01,1.1233944140000000e+01,2.7548645000000000e+01,2.5225204000000002e+01,1.3440000000000001e+00,4.2933337999999999e-01,,,,,748,"C1-2005-S19"
2.6800000000000002e+00,,1.4077037500000000e+00,,9.5344200000000008e+00,,1.8562179999999999e+00,,4.1909999999999998e+00,,,,6.8491359999999996e-03,,4.7996994300000001e-01,,1.3439761949999999e+01,,3.5349080330000000e+01,,1.3440000000000001e+00,,,,,,749,"C1-2005-S20"
3.9399999999999999e+00,3.5600000000000001e+00,2.8243404000000001e+00,2.8580610200000001e+00,1.2470745000000001e+01,1.0745798000000001e+01,2.3882110000000001e+00,1.9897920000000000e+00,5.2103333300000001e+00,4.8836666700000002e+00,,,9.8598079999999994e-03,9.5674230000000002e-03,4.6276173999999998e-01,4.8833955299999998e-01,1.2887370499999999e+01,1.3237672170000000e+01,3.1446950330000000e+01,2.7480787670000002e+01,3.6399999999999999e-01,3.4999999999999998e-01,,,,,750,"C1-2005-S21"
3.4700000000000002e+00,3.5299999999999998e+00,2.8144179000000000e+00,2.6706607199999999e+00,8.6661889999999993e+00,8.4013439999999999e+00,1.6811900000000000e+00,1.6121000000000001e+00,4.2153333300000000e+00,4.0553333299999998e+00,,,6.3383880000000004e-03,8.9338530000000003e-03,4.7275795500000001e-01,4.7620714900000000e-01,1.2732128420000000e+01,1.2734719370000001e+01,2.4297894329999998e+01,2.6943857670000000e+01,3.4999999999999998e-01,3.3600000000000002e-01,,,,,751,"C1-2005-S22"
3.5899999999999999e+00,3.7500000000000000e+00,2.8015848000000001e+00,2.7795303900000001e+00,9.7370839999999994e+00,9.5896919999999994e+00,1.9068840000000000e+00,1.8999750000000000e+00,4.2963333300000004e+00,4.6699999999999999e+00,,,8.1200000000000005e-03,6.2751220000000002e-03,4.1341007400000002e-01,4.5797763699999999e-01,1.4265339460000000e+01,1.2460273760000000e+01,3.3236106669999998e+01,3.2284229330000002e+01,3.0800000000000000e-01,3.0800000000000000e-01,,,,,752,"C1-2005-S23"
2.6200000000000001e+00,3.8500000000000001e+00,1.8570951000000000e+00,3.5214952500000001e+00,8.0927419999999994e+00,8.4934639999999995e+00,1.2965890000000000e+00,1.4186479999999999e+00,4.3116666700000001e+00,4.1793333300000004e+00,,,1.0254851000000001e-02,8.9936089999999996e-03,4.6157919700000000e-01,3.9225434700000000e-01,1.2914273209999999e+01,1.1822477579999999e+01,2.3929907000000000e+01,2.5278501670000001e+01,4.0600000000000003e-01,4.1066661999999998e-01,,,,,753,"C1-2005-S24"
9.0600000000000005e+00,2.1410000000000000e+01,2.1040519500000001e+00,4.4858431799999998e+00,7.7910490000000001e+00,9.1475159999999995e+00,1.4324660000000000e+00,1.7134320000000001e+00,4.6503333299999996e+00,4.3143333300000002e+00,,,1.1550555000000001e-02,1.0058154999999999e-02,3.8415925299999998e-01,4.2763517499999998e-01,1.5336663919999999e+01,1.4395805850000000e+01,2.3930640329999999e+01,2.6679175669999999e+01,3.8733338000000000e-01,3.6866662000000000e-01,,,,,754,"C1-2005-S25"
3.2400000000000002e+00,8.0600000000000005e+00,2.8636335000000002e+00,8.8991925799999994e+00,5.5087760000000001e+00,4.2743679999999999e+00,9.6265400000000001e-01,7.6229300000000000e-01,3.4399999999999999e+00,3.7256666699999998e+00,,,4.4250219999999998e-03,3.6775850000000001e-03,2.9590843800000000e-01,3.1594445399999999e-01,1.2442424510000000e+01,1.6185964760000001e+01,1.8431781669999999e+01,1.5691865500000000e+01,2.0066661999999999e-01,2.1933337999999999e-01,,,,,755,"C1-2005-S26"
1.2500000000000000e+00,1.4600000000000000e+00,1.2869151800000000e+00,1.4447159999999999e+00,4.3043069999999997e+00,3.3738950000000001e+00,7.6920200000000005e-01,6.2641599999999997e-01,2.7599999999999998e+00,2.5403333300000002e+00,,,2.6802950000000001e-03,2.4682889999999998e-03,2.3264055300000000e-01,2.0720312199999999e-01,1.5871226869999999e+01,2.0885207930000000e+01,1.6070640670000000e+01,1.5813008330000001e+01,1.8666662000000001e-01,1.5866662000000001e-01,,,,,756,"C1-2005-S27"
2.1649999999999999e+01,2.4800000000000001e+01,1.8159011329999998e+01,2.2897520100000001e+01,6.9849990000000002e+00,6.6234279999999996e+00,1.2758620000000001e+00,1.0202290000000001e+00,3.9230000000000000e+00,3.8316666700000002e+00,,,3.0484300000000000e-03,2.7690879999999998e-03,1.9783906800000001e-01,1.9674319900000001e-01,1.4737848749999999e+01,1.4041436579999999e+01,2.2220388329999999e+01,2.0709129500000000e+01,-5.6000000000000001e-02,-6.3000000000000000e-02,,,,,757,"C1-2005-S28"
4.9000000000000004e+00,,3.5379571500000000e+00,,3.4936509999999998e+00,1.5591310000000000e+00,5.3429599999999999e-01,3.8229800000000003e-01,3.2749999999999999e+00,,,,2.6669950000000001e-03,,3.3078392699999998e-01,,1.4599898150000000e+01,,1.5646694000000000e+01,,5.6000000000000001e-02,,,,,,758,"C1-2005-S29"
1.8700000000000001e+00,7.8000000000000003e-01,1.2952117100000000e+00,7.6275108000000003e-01,3.8713430000000000e+00,3.4429850000000002e+00,5.0666000000000000e-01,8.6823099999999998e-01,2.5950000000000002e+00,2.1273333299999999e+00,,,3.2744269999999999e-03,2.6135009999999998e-03,2.3960239300000000e-01,1.9681769800000001e-01,1.9836635890000000e+01,2.1116233909999998e+01,1.6943256999999999e+01,1.5737088330000001e+01,1.5866662000000001e-01,2.0066661999999999e-01,,,,,759,"C1-2005-S30"
1.4260628600000000e+00,1.8286097100000001e+00,6.7857425999999998e-01,9.5469192000000003e-01,1.9091870000000000e+00,1.9920949999999999e+00,3.5926799999999998e-01,3.4775299999999998e-01,2.5846800000000001e+00,2.9446800000000000e+00,,,1.3132599999999999e-03,2.7974300000000001e-03,2.3153309999999999e-01,2.6862563000000000e-01,3.0746762999999999e-01,1.3664806100000000e+00,,,3.7213133999999998e-01,3.7162202000000000e-01,3.0072377399999999e+00,3.3537844600000000e+00,1.0800022550000000e+01,9.0789869999999997e+00,760,"C1-2006-S01"
1.9459439999999999e+00,2.3739884999999998e+00,1.0034756600000001e+00,1.1829902200000000e+00,1.9920949999999999e+00,1.5637369999999999e+00,3.4775299999999998e-01,1.1745300000000000e-01,2.6379600000000001e+00,3.3796800000000000e+00,,,2.6761100000000002e-03,1.5200500000000000e-03,3.5787964000000000e-01,3.0207907000000001e-01,1.2456414200000001e+00,3.3023121000000000e-01,,,3.6031967999999998e-01,3.8076584000000002e-01,3.6265614400000001e+00,3.7221899700000001e+00,1.0886170490000000e+01,7.0977545700000002e+00,761,"C1-2006-S02"
1.6372645699999999e+00,1.5578382900000001e+00,8.9749296000000001e-01,7.9960608000000000e-01,1.6351300000000000e+00,1.7802190000000000e+00,2.3490600000000000e-01,2.9017799999999999e-01,2.5040399999999998e+00,2.9563199999999998e+00,,,2.0005800000000001e-03,1.3930100000000001e-03,3.2629606999999999e-01,2.6124542000000001e-01,3.2565368000000000e-01,3.1228839000000003e-01,,,5.7894340000000002e-02,3.7118550000000000e-01,2.9905634499999998e+00,3.4514914800000001e+00,1.0943108980000000e+01,8.9545760399999992e+00,762,"C1-2006-S03"
1.6932240000000001e+00,1.7665128000000001e+00,6.6910990000000004e-01,5.2959160999999999e-01,1.9022779999999999e+00,2.0657909999999999e+00,4.0532800000000002e-01,4.2835800000000002e-01,2.4280800000000000e+00,3.0706799999999999e+00,,,2.6053199999999999e-03,2.6492500000000001e-03,3.9504109999999998e-01,2.9409439999999998e-01,1.2174568400000001e+00,1.2176536800000000e+00,,,7.8316280000000002e-02,4.2614319999999997e-02,3.5404150200000002e+00,2.8811587500000000e+00,8.4486643000000008e+00,6.8449489999999997e+00,763,"C1-2006-S05"
1.9080360000000001e+00,2.1517302900000002e+00,8.3587140000000004e-01,1.0317925800000001e+00,4.6359389999999996e+00,4.0509769999999996e+00,7.8762600000000005e-01,7.0241500000000001e-01,3.2420399999999998e+00,2.8843200000000002e+00,,,2.4260400000000000e-03,3.6985299999999998e-03,3.2431967000000000e-01,3.6298016999999999e-01,8.4235813999999998e-01,2.7173331900000002e+00,,,4.7622820000000003e-02,3.0814700000000000e-02,2.8765965400000000e+00,1.4692036600000000e+00,1.6130703100000002e+01,1.5288292640000000e+01,764,"C1-2006-S07"
1.7917848000000001e+00,2.0040695999999998e+00,7.3081991000000002e-01,7.5249065000000004e-01,3.7147389999999998e+00,3.7377690000000001e+00,6.8859700000000001e-01,5.7574999999999998e-01,,,,,2.3662399999999999e-03,3.8099800000000001e-03,3.8512132999999998e-01,3.5411501000000001e-01,,3.0654953300000001e+00,,,5.0424080000000003e-02,,3.7905641299999999e+00,3.1208485000000001e+00,,1.8067030780000000e+01,765,"C1-2006-S08"
1.6532100000000001e+00,1.8490679999999999e+00,9.2272635000000003e-01,1.0285002000000001e+00,1.6551660999999999e+01,1.6540146000000000e+01,2.9271129999999999e+00,2.9478399999999998e+00,6.3684000000000003e+00,6.2643599999999999e+00,,,6.0519199999999997e-03,4.5441800000000001e-03,4.0114069000000002e-01,3.1942863999999999e-01,6.1828773899999998e+00,2.5407935899999998e+00,,,5.6026739999999998e-02,5.6026739999999998e-02,4.5398869399999997e+00,3.8636263400000002e+00,3.6893643539999999e+01,3.7395016450000000e+01,766,"C1-2006-S09"
3.2390279999999998e+00,2.6093340000000000e+00,2.2527250200000002e+00,2.1309561000000001e+00,7.8325030000000000e+00,1.1563363000000001e+01,8.2447400000000004e-01,1.9529440000000000e+00,4.1487600000000002e+00,7.8936000000000002e+00,,,1.0440110000000001e-02,1.5799009999999999e-02,8.0225594000000000e-01,1.1103806300000001e+00,5.3528081800000002e+00,8.2044239300000008e+00,,,3.6610419999999999e-01,6.4430799999999996e-02,4.0013601500000000e+00,4.5403552100000004e+00,8.3686063799999999e+01,1.5068254153000001e+02,767,"C1-2006-S10"
3.7297259999999999e+00,3.4264619999999999e+00,1.9335115800000000e+00,1.7520621300000001e+00,4.8547240000000000e+00,4.0072200000000002e+00,1.1031370000000000e+00,6.4253700000000002e-01,3.4134000000000002e+00,1.4862600000000000e+01,,,2.7040400000000000e-03,2.3842600000000000e-03,3.4808835999999999e-01,2.5548944000000001e-01,9.5834154000000005e-01,1.0675397600000001e+00,,,1.9287492000000001e-01,3.7392614000000002e-01,3.1983931600000002e+00,3.6517629600000001e+00,1.9425361030000001e+01,2.0345573229999999e+01,768,"C1-2006-S11"
3.4514331399999998e+00,3.3431245700000001e+00,1.6577379000000001e+00,1.4237823599999999e+00,3.8114650000000001e+00,3.9012820000000001e+00,5.5041700000000005e-01,5.5502300000000004e-01,,,,,,,,,6.5853357999999995e-01,8.5477501000000000e-01,,,,,,,1.7544513909999999e+01,1.6920977870000002e+01,769,"C1-2006-S12"
3.5981010000000002e+00,3.2790420000000000e+00,1.8820005799999999e+00,1.6148141100000000e+00,4.2167930000000000e+00,4.7810280000000001e+00,2.3951200000000000e-01,7.6229300000000000e-01,3.3086400000000000e+00,3.8072400000000002e+00,,,2.8830599999999998e-03,2.2966499999999999e-03,2.9744239000000000e-01,3.7670854999999998e-01,8.7609554999999995e-01,1.0487770599999999e+00,,,3.3616100000000003e-02,3.1560619999999998e-02,2.8289739100000002e+00,3.3263031700000001e+00,1.4020145680000001e+01,1.5364727170000000e+01,770,"C1-2006-S13"
2.6646165000000002e+00,3.6075780000000002e+00,1.4239482100000000e+00,1.9637818199999999e+00,5.6446529999999999e+00,6.0476780000000003e+00,5.5271999999999999e-01,1.0755010000000000e+00,3.6600000000000001e+00,3.4489200000000002e+00,,,2.7795599999999999e-03,2.7631399999999999e-03,3.4704805000000000e-01,4.0364362999999998e-01,2.1538759800000000e+00,1.0863679300000000e+00,,,3.3616100000000003e-02,4.1086360000000002e-02,4.4359157099999997e+00,5.1985368899999997e+00,1.5008302690000001e+01,1.7729421240000001e+01,771,"C1-2006-S14"
2.6324999999999998e+00,2.7483300000000002e+00,1.5569394800000000e+00,1.5100722000000000e+00,,,,,6.0302400000000000e+00,2.4768960000000000e+01,,,4.7752000000000003e-03,5.4903399999999998e-03,2.7138621000000002e-01,4.1067816000000001e-01,2.6510049100000002e+00,2.2945729300000002e+00,,,4.4821420000000001e-02,4.4821420000000001e-02,3.5950289700000000e+00,3.9064743800000001e+00,3.6026152449999998e+01,3.5257156080000001e+01,772,"C1-2006-S15"
3.6833939999999998e+00,2.4980400000000000e+00,1.8848384100000000e+00,1.2593637000000000e+00,1.6397359999999999e+01,1.6003547000000001e+01,2.9132950000000002e+00,2.3605749999999999e+00,,,,,1.0271239999999999e-02,1.0285880000000001e-02,4.1016370000000002e-01,3.5207358999999999e-01,2.9543563300000000e+00,3.2782650499999999e+00,,,5.6026739999999998e-02,,3.4578682999999999e+00,4.3863454600000003e+00,5.4873174730000002e+01,5.0977468580000000e+01,773,"C1-2006-S16"
3.5601929999999999e+00,3.5633520000000001e+00,1.5548755999999999e+00,1.5231434399999999e+00,4.4240630000000003e+00,4.5622429999999996e+00,7.5538400000000006e-01,6.6786999999999996e-01,,,,,2.6999200000000002e-03,3.0754599999999999e-03,3.3523937999999998e-01,4.3178006000000002e-01,1.0577222399999999e+00,1.3813173599999999e+00,,,,,3.8439934700000000e+00,3.6277166500000000e+00,2.5854059679999999e+01,2.6971398900000001e+01,774,"C1-2006-S17"
3.3137910000000002e+00,3.3959250000000001e+00,1.2994704500000001e+00,1.3846054999999999e+00,6.0614960000000000e+00,6.0292539999999999e+00,1.0639860000000001e+00,8.9126099999999997e-01,3.7976399999999999e+00,4.6592399999999996e+00,,,4.8276100000000004e-03,5.2207499999999997e-03,2.4021289000000001e-01,2.6831217000000002e-01,1.4034370199999999e+00,1.4413751200000000e+00,,,4.1086360000000002e-02,4.7622820000000003e-02,3.1727290300000002e+00,4.2650317299999996e+00,2.6633256920000001e+01,2.1906289210000001e+01,775,"C1-2006-S18"
3.0229200000000001e+00,3.0452759999999999e+00,1.5879969000000000e+00,1.7212759200000001e+00,1.6395057000000001e+01,1.4974106000000001e+01,2.7129340000000002e+00,2.2454250000000000e+00,7.7013600000000002e+00,6.1582800000000004e+00,,,7.7613600000000001e-03,8.6938299999999996e-03,3.5822639000000001e-01,4.0974935000000001e-01,2.6069583500000002e+00,2.6061715900000002e+00,,,5.8828140000000001e-02,7.0967260000000004e-02,3.2022577600000002e+00,3.8479638100000000e+00,4.4074442650000002e+01,4.7411439979999997e+01,776,"C1-2006-S19"
4.2646499999999996e+00,4.6358325000000002e+00,2.3857162900000000e+00,2.7023928800000001e+00,5.4903519999999997e+00,6.3079169999999998e+00,4.7441800000000001e-01,9.7877499999999995e-01,,,,,7.3280200000000002e-03,5.5789300000000002e-03,6.1334796999999996e-01,5.4310325000000004e-01,3.2566398300000001e+00,2.2075081600000002e+00,,,3.5483700000000000e-02,,3.7883395399999999e+00,4.4149097099999999e+00,5.6572265989999998e+01,4.8785453250000003e+01,777,"C1-2006-S20"
3.0916079999999999e+00,3.2221799999999998e+00,1.5424063200000000e+00,1.5895845000000000e+00,9.3271499999999996e+00,9.3916339999999998e+00,1.5890700000000000e+00,1.6857960000000001e+00,4.6015199999999998e+00,4.5766799999999996e+00,,,6.6777299999999998e-03,8.0010299999999993e-03,3.9599373999999998e-01,,2.3797782299999999e+00,,,,2.8013440000000001e-02,4.4821420000000001e-02,2.6269749199999999e+00,3.4893269099999999e+00,4.0928804520000000e+01,3.7894732009999998e+01,778,"C1-2006-S21"
3.5064899999999999e+00,,1.8920619900000000e+00,,2.4176894000000001e+01,,4.5852729999999999e+00,,8.0415600000000005e+00,,,,5.0347500000000002e-03,,2.0493832000000001e-01,,4.6133213700000004e+00,,,,3.3616100000000003e-02,,3.5548764400000001e+00,,3.4032551789999999e+01,,779,"C1-2006-S22"
3.1978800000000001e+00,,1.4641641000000001e+00,,5.3982320000000001e+00,,5.8726500000000004e-01,,3.8737200000000001e+00,,,,4.8943299999999997e-03,,,,,,,,4.8556620000000002e-02,,3.1975993200000001e+00,,5.0200422300000000e+01,,780,"C1-2006-S23"
3.5422920000000002e+00,,1.6335610199999999e+00,,4.6382420000000000e+00,,3.7078299999999997e-01,,3.3519600000000001e+00,,,,5.6092499999999997e-03,,3.3497421999999999e-01,,3.2093758000000001e+00,,,,5.4159279999999997e-02,,2.5345809699999999e+00,,3.6002265389999998e+01,,781,"C1-2006-S24"
3.3359040000000002e+00,3.3485399999999998e+00,1.3680944600000000e+00,1.4307848100000000e+00,6.3816129999999998e+00,6.4253700000000000e+00,1.2298020000000001e+00,1.0962280000000000e+00,4.5616800000000000e+00,7.2723599999999999e+00,,,7.8528899999999995e-03,7.5847400000000004e-03,4.1046663999999999e-01,2.2889825000000000e-01,2.4068531100000001e+00,3.1892063500000001e+00,,,5.1357880000000002e-02,2.8947239999999999e-02,4.1255325799999998e+00,5.4855342199999999e+00,2.7399142879999999e+01,2.6842513990000000e+01,782,"C1-2006-S25"
3.2116500000000001e+00,,1.6386347299999999e+00,,9.7255690000000001e+00,,1.5913729999999999e+00,,,,,,1.0920150000000000e-02,,3.9343167000000001e-01,,3.7907152100000001e+00,,,,3.3616100000000003e-02,,3.1524524199999999e+00,,4.7764888800000001e+01,,783,"C1-2006-S26"
3.4906950000000001e+00,,1.9748751800000000e+00,,1.2288808000000000e+01,,1.7203409999999999e+00,,5.5275600000000003e+00,,,,1.2749409999999999e-02,,3.2338865999999999e-01,,4.2854317999999996e+00,,,,2.2410780000000002e-02,,3.1793723900000002e+00,,4.8171348320000000e+01,,784,"C1-2006-S27"
2.9694600000000002e+00,,1.6485241500000001e+00,,1.5245860000000000e+01,,2.1832440000000002e+00,,6.0247200000000003e+00,,,,6.6297200000000004e-03,,5.2594476000000001e-01,,1.6079359099999999e+00,,,,1.8675580000000001e-02,,3.5924226199999998e+00,,5.7005321150000000e+01,,785,"C1-2006-S28"
3.4985925000000000e+00,,1.6427194899999999e+00,,9.6403580000000009e+00,,1.6097969999999999e+00,,4.7443200000000001e+00,,,,6.1892500000000003e-03,,7.4593328999999997e-01,,6.7596185799999997e+00,,,,,,4.5490597900000003e+00,,6.4726461979999996e+01,,786,"C1-2006-S29"
3.2627957099999998e+00,,1.1399251500000001e+00,,4.7971490000000001e+00,,8.0835299999999999e-01,,3.4075199999999999e+00,,,,5.2855500000000000e-03,,6.4949312000000003e-01,,1.1079049900000000e+00,,,,,,3.8524840199999999e+00,,3.9301574670000001e+01,,787,"C1-2006-S30"
3.0782699999999998e+00,,1.1314075500000000e+00,,4.7464829999999996e+00,,8.4520099999999998e-01,,4.3792799999999996e+00,,,,5.3979099999999997e-03,,5.4841368999999995e-01,,2.8560884999999998e+00,,,,3.7351160000000001e-02,,2.2148012800000001e+00,,,,788,"C1-2006-S31"
3.4637505900000001e+00,3.6223200000000002e+00,1.2862828600000000e+00,1.5094989000000001e+00,5.8726500000000001e+00,6.0200420000000001e+00,5.4811399999999999e-01,9.6265400000000001e-01,4.4163600000000001e+00,6.8506799999999997e+00,,,1.1320230000000001e-02,7.8857100000000006e-03,4.3614742000000001e-01,4.7855162000000001e-01,3.3274021800000000e+00,5.7906334000000004e-01,,,6.5364599999999995e-02,2.2410780000000002e-02,2.5357631800000000e+00,3.5841739900000000e+00,3.2653255100000003e+01,2.9620542380000000e+01,789,"C1-2006-S32"
2.8241459999999998e+00,,1.1867310000000000e+00,,1.0976098000000000e+01,,2.1878500000000001e+00,,,,,,1.1208430000000000e-02,,3.6890922999999998e-01,,4.8946547200000001e+00,,,,1.9609379999999999e-02,,3.4844032700000001e+00,,3.4866717270000002e+01,,790,"C1-2006-S33"
3.4433099999999999e+00,,1.3131436500000000e+00,,1.4914228000000000e+01,,2.6438440000000001e+00,,,,,,8.8128600000000005e-03,,4.1780824000000000e-01,,6.5837309800000003e+00,,,,2.6145840000000000e-02,,3.1249716799999998e+00,,5.8857648159999997e+01,,791,"C1-2006-S34"
3.0537000000000001e+00,,1.2658464000000000e+00,,1.6372026999999999e+01,,2.7866300000000002e+00,,9.5839200000000009e+00,,,,1.0810920000000000e-02,,,,7.1925817199999997e+00,,,,3.9218759999999998e-02,,4.1149500300000001e+00,,7.2628139730000001e+01,,792,"C1-2006-S35"
4.9359374999999996e+00,3.6565425000000000e+00,2.8481543999999999e+00,1.6994761899999999e+00,1.3751213000000000e+01,9.6288429999999998e+00,2.4388770000000002e+00,1.5959790000000000e+00,7.4359200000000003e+00,4.5153600000000003e+00,,,7.0356500000000001e-03,6.9855600000000000e-03,7.0158370000000003e-01,6.5038940000000001e-01,1.9252384499999999e+00,1.7507486699999999e+00,,,2.8013440000000001e-02,4.4821420000000001e-02,2.3116067700000000e+00,1.9214789900000000e+00,7.2575182589999997e+01,5.2771829189999998e+01,793,"C1-2006-S36"
3.4327800000000002e+00,3.4554600000000000e+00,1.4863375800000000e+00,1.5217145999999999e+00,8.8665500000000002e+00,8.4243740000000003e+00,1.7111289999999999e+00,1.4900409999999999e+00,4.5416400000000001e+00,5.8100399999999999e+00,,,2.3952900000000000e-03,4.1948899999999997e-03,3.9768702000000000e-01,4.4764341000000002e-01,8.3318618000000000e-01,8.1218637999999999e-01,,,2.5212040000000002e-02,2.8013440000000001e-02,2.2565570600000000e+00,3.2738879000000001e+00,3.5224876299999998e+01,6.1221335560000000e+01,794,"C1-2006-S37"
2.8965600000000000e+00,3.1463640000000002e+00,9.9026550000000002e-01,1.2367800900000001e+00,2.1017178000000001e+01,1.9633075000000002e+01,3.6295280000000001e+00,3.7953440000000001e+00,9.5509199999999996e+00,7.6702800000000000e+00,,,9.7012200000000000e-03,1.0498600000000000e-02,4.5983780000000002e-02,9.2109830000000004e-02,7.1699953999999999e-01,8.7251537999999995e-01,,,3.3616100000000003e-02,3.9218759999999998e-02,1.0701460599999999e+00,1.3647137300000001e+00,2.0368999660000000e+01,3.2498071320000001e+01,795,"C1-2006-S38"
4.2172650000000003e+00,4.5252675000000000e+00,1.8503974100000000e+00,2.1696538500000000e+00,1.2788558999999999e+01,1.3299825000000000e+01,2.2385160000000002e+00,2.4135439999999999e+00,5.6613600000000002e+00,5.5522799999999997e+00,,,7.9704800000000003e-03,7.9523200000000006e-03,6.9050869000000004e-01,6.6505736000000004e-01,1.7829378800000000e+00,1.5661489900000001e+00,,,4.2953819999999997e-02,4.2020160000000001e-02,1.7922863800000000e+00,1.8360086400000000e+00,7.1539428869999995e+01,6.7237123389999994e+01,796,"C1-2006-S39"
3.5633520000000001e+00,2.4577019999999998e+00,1.8265338000000000e+00,1.9668776400000001e+00,9.7601139999999997e+00,9.7532049999999995e+00,1.2666500000000001e+00,1.3104070000000001e+00,6.3993599999999997e+00,4.8933600000000004e+00,,,6.0062300000000004e-03,6.0652600000000003e-03,6.3681065000000003e-01,6.5466603999999995e-01,1.4107439300000000e+00,1.4060626400000000e+00,,,3.4549900000000001e-02,4.0152559999999997e-02,4.2107401900000001e+00,2.1290032399999999e+00,5.0162372810000001e+01,6.2700139120000003e+01,797,"C1-2006-S40"
2.8194075000000001e+00,3.4117199999999999e+00,2.9345793800000002e+00,1.8516873400000000e+00,1.2224323999999999e+01,1.1503485000000000e+01,2.5793599999999999e+00,2.1533050000000000e+00,4.5590400000000004e+00,5.0666399999999996e+00,,,8.3854800000000007e-03,8.5674800000000006e-03,3.6042772000000001e-01,3.7612122999999997e-01,1.4170545800000001e+00,8.3606243999999996e-01,,,3.1748499999999999e-02,2.8013440000000001e-02,3.1263828199999999e+00,1.8755446400000000e+00,5.2803824270000000e+01,5.8910437260000002e+01,798,"C1-2006-S41"
3.3344999999999998e+00,3.3169499999999998e+00,1.7881227000000000e+00,1.9503666000000000e+00,1.0252955999999999e+01,1.0236834999999999e+01,1.7733099999999999e+00,1.7733099999999999e+00,5.9006400000000001e+00,5.6979600000000001e+00,,,8.4393999999999997e-03,7.6839600000000001e-03,5.7255279000000003e-01,4.6976277000000000e-01,1.8484153500000000e+00,1.4191898500000000e+00,,,2.7079639999999999e-02,3.9218759999999998e-02,3.2931912799999998e+00,2.9426211599999998e+00,5.5792115600000002e+01,4.0681969140000000e+01,799,"C1-2006-S42"
3.1779540000000002e+00,3.2151600000000000e+00,1.7790645599999999e+00,1.8070416000000000e+00,1.0510892000000000e+01,1.0490164999999999e+01,1.9483379999999999e+00,2.0542760000000002e+00,4.1135999999999999e+00,6.2279999999999998e+00,,,8.0683600000000001e-03,8.7057899999999997e-03,5.9639909999999996e-01,5.1252682000000005e-01,1.1326527200000001e+00,1.6315699299999999e+00,,,3.7351160000000001e-02,4.4821420000000001e-02,3.3090015300000002e+00,1.9500168400000000e+00,3.7753166229999998e+01,5.9348508090000003e+01,800,"C1-2006-S43"
2.9866909100000001e+00,3.1084559999999999e+00,1.7627411500000001e+00,1.8703912499999999e+00,1.0524710000000001e+01,1.0621435999999999e+01,1.9920949999999999e+00,2.0796090000000000e+00,4.6882799999999998e+00,5.1712800000000003e+00,,,9.1942499999999993e-03,1.1076050000000000e-02,4.8858816999999999e-01,3.2820707999999998e-01,1.2626880199999999e+00,1.3578695400000000e+00,,,3.0814700000000000e-02,3.3616100000000003e-02,1.4177339700000000e+00,2.7167368900000000e+00,6.7098138770000006e+01,4.5559744719999998e+01,801,"C1-2006-S44"
2.8178280000000000e+00,3.4985925000000000e+00,1.6294332600000001e+00,2.3063859000000000e+00,1.1531121000000001e+01,1.0966886000000001e+01,2.4043320000000001e+00,2.0243370000000001e+00,4.5913199999999996e+00,4.9736399999999996e+00,,,9.7181999999999998e-03,1.2006550000000000e-02,4.9767909999999999e-01,4.8509247000000000e-01,1.9392429300000000e+00,1.9392429300000000e+00,,,5.3225479999999999e-02,3.7351160000000001e-02,2.5991250699999999e+00,3.6434937600000001e+00,5.3793098809999996e+01,5.3793098809999996e+01,802,"C1-2006-S45"
3.3090525000000000e+00,3.4906950000000001e+00,2.4405380999999999e+00,2.7965574000000002e+00,1.1323850999999999e+01,9.7969620000000006e+00,2.3099090000000002e+00,2.0657909999999999e+00,4.5859199999999998e+00,4.3389600000000002e+00,,,1.2344720000000000e-02,1.1346119999999999e-02,5.6866258999999997e-01,5.6302213000000001e-01,1.8283770900000000e+00,2.3170265200000002e+00,,,9.3378599999999999e-03,3.5483700000000000e-02,1.7332233699999999e+00,4.6522214000000002e+00,5.7250760980000003e+01,6.4066650289999998e+01,803,"C1-2006-S46"
4.0593149999999998e+00,4.4668260000000002e+00,1.3827996000000000e+00,1.8528482700000000e+00,,,,,3.9639240000000001e+01,1.4876640000000000e+01,,,8.1995100000000001e-03,8.0195600000000002e-03,4.6101926999999998e-01,4.2336910999999999e-01,2.1247408100000000e+00,2.0374416100000001e+00,,,2.8013440000000001e-02,4.4821420000000001e-02,4.4644412700000000e+00,3.1504816700000000e+00,6.5958559600000001e+01,3.1842775560000000e+01,804,"C1-2006-S46A"
3.3248475000000002e+00,5.4966600000000003e+00,1.9342425400000001e+00,3.5363293900000001e+00,,,,,5.0576400000000001e+00,7.6773600000000002e+00,,,8.9690900000000007e-03,8.6085299999999997e-03,6.5085022000000003e-01,4.6070170999999999e-01,2.0966630199999998e+00,1.7277500600000000e+00,,,0.0000000000000000e+00,4.6689019999999998e-02,4.2075884300000004e+00,1.6477983300000001e+00,3.4448336890000000e+01,2.7367098670000001e+01,805,"C1-2006-S46B"
2.6456624999999998e+00,3.0089475000000001e+00,2.0567854099999998e+00,2.4527923899999999e+00,,,,,4.9275599999999997e+00,5.5443600000000002e+00,,,1.0706429999999999e-02,1.2525310000000000e-02,5.6566678999999997e-01,5.6079153999999998e-01,1.8713804900000000e+00,5.2173754800000003e+00,,,4.6094719999999999e-02,3.0814700000000000e-02,1.7745679599999999e+00,1.6934741099999999e+00,7.0291678090000005e+01,7.1097537759999994e+01,806,"C1-2006-S46C"
2.2534200000000002e+00,2.7293759999999998e+00,1.2142493999999999e+00,1.9111528799999999e+00,,,,,,,,,9.8082499999999993e-03,9.8261000000000008e-03,5.0127555000000001e-01,5.0740487000000001e-01,4.8422235400000000e+00,5.1161047100000001e+00,,,6.5364599999999995e-02,0.0000000000000000e+00,3.8779295199999999e+00,3.9162600900000002e+00,4.6019450970000001e+01,2.7576776270000000e+01,807,"C1-2006-S46D"
2.2302540000000000e+01,1.3583700000000000e+01,8.1488861999999997e+00,4.7125260000000004e+00,1.0485559000000000e+01,9.6656910000000007e+00,1.8424000000000000e+00,1.1814389999999999e+00,4.5105599999999999e+00,4.5279600000000002e+00,,,1.1963470000000000e-02,1.0135740000000001e-02,4.0145936999999998e-01,6.1861827999999996e-01,2.2005332700000002e+00,2.2005332700000002e+00,,,4.6689019999999998e-02,3.1748499999999999e-02,1.7391979200000001e+00,3.5945761400000000e+00,2.2433669076000001e+02,2.2433669076000001e+02,808,"C1-2006-S47"
9.0031499999999998e+00,1.2825540000000000e+01,7.6595746499999997e+00,1.2243968100000000e+01,9.0162449999999996e+00,9.1820609999999991e+00,1.5706460000000000e+00,1.6512510000000000e+00,4.2806400000000000e+00,4.3655999999999997e+00,,,5.4857300000000003e-03,5.3556699999999999e-03,5.4446327000000005e-01,5.8085602999999997e-01,2.7726164899999999e+00,2.7726164899999999e+00,,,1.9422619999999999e-01,2.2410780000000002e-02,2.1968841499999998e+00,4.4289065399999998e+00,3.0397871026000001e+02,3.0397871026000001e+02,809,"C1-2006-S48"
7.0003440000000001e+00,8.4239999999999995e+00,8.9675586000000003e+00,2.2234867200000000e+01,,,,,4.2092400000000003e+00,7.2472799999999999e+00,,,1.2738140000000000e-02,9.3000900000000004e-03,3.9768702000000000e-01,4.9203799999999998e-01,1.8943614300000000e+00,3.8409686600000001e+00,,,3.3616100000000003e-02,2.2410780000000002e-02,2.4959106900000001e+00,2.2943095900000001e+00,4.7533712852999997e+02,9.5184362474000000e+02,810,"C1-2006-S48A"
5.9894639999999999e+00,1.1688300000000000e+01,7.1884940400000001e+00,1.5197896350000001e+01,,,,,4.4613600000000000e+00,2.0489999999999998e+01,,,1.0758680000000000e-02,1.0489510000000001e-02,5.5418542999999998e-01,4.3304514999999999e-01,1.5001472700000000e+00,2.6166874199999999e+00,,,3.0814700000000000e-02,1.4380212000000001e-01,5.2347174900000004e+00,6.6431291200000002e+00,2.9839616033999999e+02,6.0239405534000002e+02,811,"C1-2006-S48B"
8.8452000000000002e+00,1.3899600000000000e+01,6.5156691599999998e+00,1.0860136560000001e+01,,,,,7.6953600000000000e+00,1.0949999999999999e+01,,,1.3135160000000000e-02,1.0649880000000000e-02,3.8908494999999998e-01,4.9339211999999999e-01,2.2346531999999999e+00,1.9297873100000000e+00,,,5.2643360000000000e-02,2.4278240000000000e-02,1.9493892500000001e+00,1.5602865200000000e+00,2.8417140660000001e+01,2.6564149180000001e+01,812,"C1-2006-S48C"
4.4587028599999998e+00,1.1456640000000000e+01,1.2987702000000001e+00,3.7038046499999999e+00,,,,,,,,,1.2808280000000000e-02,8.3038399999999998e-03,5.4902187999999996e-01,5.1353554000000001e-01,4.7721895700000001e+00,5.4554640799999996e+00,,,3.3616100000000003e-02,3.2682299999999997e-02,2.2603668600000000e+00,2.1804863800000001e+00,1.2069797009000000e+02,2.5522721669999999e+01,813,"C1-2006-S48D"
5.3576639999999998e+00,6.1600500000000000e+00,6.1524262800000002e+00,7.1436046500000003e+00,7.3649940000000003e+00,7.3719029999999997e+00,1.3011950000000001e+00,1.2113780000000001e+00,4.0276800000000001e+00,4.8864000000000001e+00,,,9.9558999999999997e-04,1.9040100000000000e-03,4.3054335999999999e-01,3.7514110000000001e-01,5.5773956399999998e+00,4.7317784800000000e+00,,,5.9362940000000003e-02,4.0213180000000001e-02,1.9040058300000000e+00,1.5174555400000000e+00,3.7041348326000002e+02,3.2128050373000002e+02,814,"C1-2006-S49"
1.7611425000000001e+00,6.0652799999999996e+00,1.9980938300000000e+00,7.4635060500000003e+00,5.0274489999999998e+00,3.7746170000000001e+00,9.6265400000000001e-01,6.2641599999999997e-01,3.9729600000000000e+00,2.6647200000000000e+00,,,3.2193000000000000e-03,2.7469600000000001e-03,2.8210476000000001e-01,,6.9491452699999998e+00,6.7117768299999998e+00,,,6.7796540000000002e-02,4.7174120000000000e-02,9.9559191999999996e-01,3.1652430900000001e+00,1.1693015226999999e+02,3.5943139331999998e+02,815,"C1-2006-S50"
9.3506400000000001e-01,5.8546799999999999e-01,6.0230897999999999e-01,6.7557672000000002e-01,4.7395740000000002e+00,3.5374080000000001e+00,9.7416899999999995e-01,1.1100460000000001e+00,3.0249600000000001e+00,1.3728960000000001e+01,,,3.2972399999999999e-03,3.1212100000000001e-03,1.8524661000000001e-01,1.7115030000000001e-01,6.7378198700000000e+00,7.2608962200000002e+00,,,8.4179480000000001e-02,6.9099659999999993e-02,3.2193005100000001e+00,2.7469624499999998e+00,4.3251695830000003e+01,5.9276790859999998e+01,816,"C1-2006-S51"
1.3741650000000001e+00,2.3015571399999999e+00,1.7452685299999999e+00,2.9218644000000000e+00,6.6856090000000004e+00,5.6676830000000002e+00,1.3495580000000000e+00,1.2251960000000000e+00,3.5983200000000002e+00,3.0986400000000001e+00,,,4.4705099999999996e-03,4.0538700000000002e-03,1.9197096000000000e-01,2.4893514000000000e-01,1.7650154100000000e+00,1.5762558099999999e+00,,,4.3292339999999999e-02,3.3616100000000003e-02,3.2972366100000001e+00,3.1212095999999998e+00,1.1028481042999999e+02,6.6882748719999995e+01,817,"C1-2006-S52"
6.8600000000000003e+00,,2.3373441000000001e+00,,5.9854969999999996e+00,,1.0616829999999999e+00,,4.2590000000000003e+00,,,,7.0015030000000001e-03,,1.5979370400000001e-01,,9.1996282800000007e+00,,3.0108055669999999e+01,,4.7767391279999998e+01,,,,,,818,"C2-2005-S01"
1.9900000000000000e+00,,1.0075926700000000e+00,,3.7700109999999998e+00,,1.0685920000000000e+00,,,,,,,,,,,,,,,,,,,,819,"C2-2005-S02"
2.2300000000000000e+00,,1.0467461000000000e+00,,3.0998380000000001e+00,,3.5235899999999998e-01,,3.2029999999999998e+00,,,,9.6917329999999993e-03,,1.4914758100000000e-01,,6.1658482699999997e+00,,2.0237743330000001e+01,,4.8421739100000003e+01,,,,,,820,"C2-2005-S03"
1.7600000000000000e+00,1.5500000000000000e+00,9.8581859999999999e-01,8.5196965999999996e-01,1.2021660000000001e+00,8.0835299999999999e-01,8.7513999999999995e-02,-1.3818000000000000e-02,2.5016666700000001e+00,2.6600000000000001e+00,,,4.4835889999999996e-03,3.7975050000000001e-03,1.5240308100000000e-01,1.5374141499999999e-01,4.6489274500000004e+00,4.7541737299999998e+00,1.4708082330000000e+01,1.5230165670000000e+01,4.0569565259999997e+01,2.8355072480000000e+01,,,,,821,"C2-2005-S04"
3.4199999999999999e+00,,2.3129215200000002e+00,,2.2661519999999999e+00,,5.1817500000000005e-01,,2.5293333300000000e+00,,,,4.3265459999999997e-03,,1.0513623900000001e-01,,3.2491348599999998e+00,,8.9638919999999995e+00,,1.1609999940000000e+01,,,,,,822,"C2-2005-S05"
3.9600000000000000e+00,,1.6397526600000001e+00,,2.4434830000000001e+00,,5.0666000000000000e-01,,2.5586666700000000e+00,,,,4.4204209999999999e-03,,1.3184062699999999e-01,,4.6396878600000004e+00,,1.6694432670000001e+01,,2.8791304360000002e+01,,,,,,823,"C2-2005-S06"
4.8300000000000001e+00,,1.5853178299999999e+00,,1.7502800000000001e+00,,2.3720900000000000e-01,,2.7743333300000002e+00,,,,4.2443150000000002e-03,,1.0834691900000000e-01,,9.3742681099999992e+00,,1.6304919000000002e+01,,3.4026086919999997e+01,,,,,,824,"C2-2005-S07"
3.1899999999999999e+00,,1.1248146000000001e+00,,6.9550599999999996e-01,,-9.4423000000000007e-02,,3.4593333300000002e+00,,,,4.0640600000000000e-04,,1.4868329999999999e-03,,4.0566571700000003e+00,,9.0061350000000004e+00,,3.8154929399999999e+00,,,,,,825,"C2-2005-S08"
1.1820000000000000e+01,,4.6779560099999999e+00,,1.7617950000000000e+00,,3.4544999999999998e-01,,2.8633333300000001e+00,,,,2.6679799999999999e-03,,3.6139011999999998e-02,,5.7734376200000002e+00,,1.0366168670000000e+01,,7.2070422199999999e+00,,,,,,826,"C2-2005-S09"
2.1899999999999999e+00,,8.1851605000000005e-01,,5.0896300000000005e-01,,-2.1417900000000001e-01,,2.3559999999999999e+00,,,,3.5970199999999998e-03,,7.5214168999999997e-02,,3.0775096500000001e+00,,8.9467470000000002e+00,,8.9028168599999997e+00,,,,,,827,"C2-2005-S10"
2.1600000000000001e+00,2.0699999999999998e+00,1.0139842400000001e+00,1.0238564699999999e+00,1.6051910000000000e+00,1.3817999999999999e+00,-3.7538899999999997e-01,1.1745300000000000e-01,2.6323333299999998e+00,2.2906666699999998e+00,,,4.6705870000000003e-03,4.1309609999999998e-03,1.5435195500000001e-01,1.5396658699999999e-01,4.0014580999999998e+00,5.6248952799999996e+00,1.6732695329999999e+01,1.6331285999999999e+01,3.5611267580000003e+01,3.3491549280000001e+01,,,,,828,"C2-2005-S11"
3.3100000000000001e+00,,6.5604510999999999e-01,,3.5466199999999999e+00,,5.6884100000000004e-01,,3.2703333300000001e+00,,,,8.5730679999999997e-03,,1.3683123999999999e-01,,5.1246780599999999e+00,,1.9752809670000001e+01,,1.8653521179999998e+01,,,,,,829,"C2-2005-S12"
7.4800000000000004e+00,,2.4394324500000000e+00,,0.0000000000000000e+00,,0.0000000000000000e+00,,4.5670000000000002e+00,,,,5.1476880000000001e-03,,9.1574691000000000e-02,,8.3196157300000007e+00,,2.4203596670000000e+01,,1.0174647840000000e+01,,,,,,830,"C2-2005-S13"
2.2900000000000000e+00,,1.2200000000000000e+00,,1.2228930000000000e+01,0.0000000000000000e+00,2.7682060000000002e+00,0.0000000000000000e+00,2.4640000000000000e+00,,,,3.1474990000000002e-03,,1.2001637200000000e-01,,6.2390613500000001e+00,,1.2932716330000000e+01,,2.4391379319999999e+01,,,,,,831,"C2-2005-S15"
2.4500000000000002e+00,2.2000000000000002e+00,1.0027950699999999e+00,7.7085917999999998e-01,2.9271129999999999e+00,3.3347440000000002e+00,3.8690400000000003e-01,9.4423000000000007e-02,2.9656666700000001e+00,3.2513333300000000e+00,,,5.2326869999999998e-03,5.1207190000000001e-03,1.5102184499999999e-01,1.5051957699999999e-01,6.9713779699999998e+00,7.5619449000000003e+00,1.7394774500000000e+01,1.9229925000000001e+01,4.0479310339999998e+01,,,,,,832,"C2-2005-S16"
2.7999999999999998e+00,,1.3282787700000001e+00,,1.4048299999999999e+01,0.0000000000000000e+00,2.9409310000000000e+00,0.0000000000000000e+00,5.3998799999999996e+00,,,,3.6021489999999998e-03,,9.0899946999999995e-02,,9.7721706699999995e+00,,3.0800340670000001e+01,,4.3074137960000002e+01,,,,,,833,"C2-2005-S17"
3.6499999999999999e+00,,7.7684443000000003e-01,,1.6443420000000000e+00,0.0000000000000000e+00,8.7513999999999995e-02,0.0000000000000000e+00,2.7506666700000002e+00,,,,3.3892649999999998e-03,,1.3698859999999999e-01,,5.7679045200000001e+00,,1.4097374329999999e+01,,2.0838461559999999e+01,,,,,,834,"C2-2005-S18"
4.0300000000000002e+00,3.9600000000000000e+00,1.1058342800000001e+00,1.5487355500000000e+00,1.8976720000000000e+00,2.0335489999999998e+00,1.7042199999999999e-01,2.6023900000000000e-01,2.7916666700000001e+00,2.7983333300000002e+00,,,3.9460870000000000e-03,4.7762630000000002e-03,1.5141194599999999e-01,1.4842627300000000e-01,6.0704297000000000e+00,6.1490315600000001e+00,1.8916253670000000e+01,1.8312018670000000e+01,2.6626923120000001e+01,2.5855128180000001e+01,,,,,835,"C2-2005-S19"
3.6600000000000001e+00,,1.4375718000000000e+00,,2.3720900000000000e+00,0.0000000000000000e+00,3.5005599999999998e-01,0.0000000000000000e+00,2.9076666699999998e+00,,,,4.8279280000000004e-03,,1.4865456199999999e-01,,7.8429459300000000e+00,,1.8347284999999999e+01,,1.6593589739999999e+01,,,,,,836,"C2-2005-S20"
2.1200000000000001e+00,3.0400000000000000e+00,1.2367404000000000e+00,1.2869482500000000e+00,2.0243370000000001e+00,1.5222830000000001e+00,3.5235899999999998e-01,4.8363000000000003e-02,2.8109999999999999e+00,2.9896666700000001e+00,,,3.6795220000000002e-03,3.7134440000000002e-03,1.4186026900000001e-01,1.4296512500000000e-01,6.6165856500000002e+00,7.1800330800000003e+00,1.5529639670000000e+01,1.5529639670000000e+01,1.9230555540000001e+01,1.8394444459999999e+01,,,,,837,"C2-2005-S21"
3.6499999999999999e+00,3.2799999999999998e+00,1.2522100500000000e+00,8.4963060000000001e-01,1.8815510000000000e+00,1.7571889999999999e+00,2.6484500000000000e-01,2.3490600000000000e-01,3.4016666700000000e+00,3.6876666700000000e+00,,,3.5180789999999999e-03,3.4130549999999999e-03,1.4541123800000000e-01,1.4462964600000000e-01,7.1526453800000001e+00,6.8830515300000004e+00,1.7573627330000001e+01,1.6714696669999999e+01,1.8812500000000000e+01,1.8812500000000000e+01,,,,,838,"C2-2005-S22"
7.0400000000000000e+00,4.1900000000000004e+00,1.3662148500000000e+00,1.4202074300000000e+00,1.7825219999999999e+00,1.8562179999999999e+00,2.4411800000000000e-01,1.9575500000000001e-01,2.6363333299999998e+00,3.1030000000000002e+00,,,3.4511120000000001e-03,3.1119690000000000e-03,1.4711901899999999e-01,1.4772012500000001e-01,7.2087010800000000e+00,7.4645959700000004e+00,1.7041372330000002e+01,1.6474885329999999e+01,2.0066666619999999e+01,2.0066666619999999e+01,,,,,839,"C2-2005-S23"
1.0660000000000000e+01,1.0130000000000001e+01,2.6254273499999998e+00,4.0063085999999997e+00,1.9990040000000000e+00,1.5729489999999999e+00,2.8326899999999999e-01,1.9345200000000001e-01,2.9343333299999999e+00,2.8676666700000002e+00,,,2.7075789999999999e-03,2.4592450000000001e-03,1.4905629000000001e-01,1.4857509799999999e-01,7.0797110300000003e+00,7.0797110300000003e+00,1.4476486000000000e+01,1.5958726670000001e+01,2.0361764640000001e+01,2.1247058840000001e+01,,,,,840,"C2-2005-S24"
1.5720000000000001e+01,1.0220000000000001e+01,2.0674272899999999e+00,4.1693600799999997e+00,1.8424000000000000e+00,2.1049419999999999e+00,1.4048300000000000e-01,4.0072200000000002e-01,2.6923333299999999e+00,2.6973333300000002e+00,,,2.6934929999999999e-03,2.2107350000000001e-03,1.5126282699999999e-01,1.5145117899999999e-01,6.9379096200000001e+00,8.1385236100000000e+00,1.4066756000000000e+01,1.3342028669999999e+01,2.0179718300000001e+01,2.0349295819999998e+01,,,,,841,"C2-2005-S25"
1.2130000000000001e+01,2.1890000000000001e+01,2.1142902690000000e+01,2.6964592199999998e+01,2.8465080000000000e+00,2.1924560000000000e+00,5.6653799999999999e-01,4.0993400000000002e-01,3.8753333300000001e+00,6.4119599999999997e+00,,,6.7616300000000002e-04,1.1970510000000000e-03,1.7183528100000001e-01,1.7427317600000000e-01,1.6096457120000000e+01,1.5218719940000000e+01,8.7056403299999996e+00,8.9344605000000001e+00,3.8154929399999999e+00,7.2070422199999999e+00,,,,,842,"C2-2005-S26"
2.7999999999999998e+00,1.7900000000000000e+00,1.3402320800000000e+00,1.5347527700000001e+00,1.7410680000000001e+00,1.1284700000000001e+00,3.2702599999999998e-01,1.8654299999999999e-01,2.1523333299999998e+00,2.9500000000000002e+00,,,2.0414610000000001e-03,2.0594929999999999e-03,1.5351311700000000e-01,1.5832452999999999e-01,2.5283732400000002e+01,2.5197646330000001e+01,1.2394475330000001e+01,1.2087315000000000e+01,2.1993363700000000e+01,2.1993363700000000e+01,,,,,843,"C2-2005-S27"
3.7700000000000000e+00,4.3799999999999999e+00,4.5075932999999999e+00,3.2586371999999999e+00,2.7014190000000000e+00,2.0473669999999999e+00,5.1356900000000005e-01,4.1684300000000002e-01,3.8410799999999998e+00,2.6400000000000001e+00,,,2.0279980000000000e-03,1.9315660000000000e-03,1.7260726000000001e-01,1.7095870399999999e-01,2.0494779359999999e+01,2.1054407260000001e+01,1.3292673000000001e+01,1.3249660670000001e+01,2.2640227260000000e+01,2.3287090960000000e+01,,,,,844,"C2-2005-S28"
1.7300000000000000e+00,2.3100000000000001e+00,1.9744451999999999e+00,1.7180021800000000e+00,1.5038590000000001e+00,1.5591310000000000e+00,3.0629899999999999e-01,3.8229800000000003e-01,1.9950000000000001e+00,1.6493333299999999e+00,,,1.4641850000000000e-03,1.5585270000000001e-03,1.4351853600000000e-01,1.4890926400000001e-01,2.6945355589999998e+01,2.7377861859999999e+01,1.1024853329999999e+01,1.1684468330000000e+01,0.0000000000000000e+00,0.0000000000000000e+00,,,,,845,"C2-2005-S29"
2.0410000000000000e+01,9.7999999999999998e-01,5.4262845000000004e-01,6.3722294999999995e-01,1.2666500000000001e+00,0.0000000000000000e+00,2.6945100000000000e-01,0.0000000000000000e+00,2.4359999999999999e+00,1.7343333299999999e+00,,,1.7747430000000001e-03,1.6838780000000000e-03,1.5501390800000001e-01,1.6034448300000001e-01,2.8535706279999999e+01,3.1681463590000000e+01,1.2603590000000001e+01,1.3372253329999999e+01,1.1984000000000000e+01,1.0486000000000001e+01,,,,,846,"C2-2005-S30"
1.5000000000000000e+01,2.8629999999999999e+01,6.5579786999999996e+00,1.7215855019999999e+01,2.0519729999999998e+00,1.9782770000000001e+00,2.6945100000000000e-01,3.2472299999999998e-01,3.3756666700000002e+00,3.1120000000000001e+00,,,1.7251730000000000e-03,1.2728290000000001e-03,1.5850383700000001e-01,9.5154785000000006e-02,8.4875762600000009e+00,9.5179379399999995e+00,1.1383308000000000e+01,1.3520543999999999e+01,7.9210525799999996e+00,9.5052631800000000e+00,,,,,847,"C2-2005-S31"
1.5909074999999999e+00,1.5565095000000000e+00,9.8068697999999999e-01,8.1695249999999997e-01,8.8204899999999997e-01,8.7283699999999997e-01,1.7272499999999999e-01,1.2436200000000000e-01,2.2893599999999998e+00,2.1853199999999999e+00,,,1.4760999999999999e-03,4.3806699999999997e-03,5.1509000000000005e-01,5.0958000000000003e-01,3.4183439999999998e+00,7.7160960000000003e+00,,,,,3.8429639999999998e+00,2.4723225000000002e+00,4.5481800000000003e+00,4.4210985000000003e+00,848,"C2-2006-S01"
1.6739257500000000e+00,1.3888192500000001e+00,1.9001587499999999e+00,6.3378314999999996e-01,8.4289800000000004e-01,8.7514000000000003e-01,1.1745300000000000e-01,9.6726000000000006e-02,2.1346799999999999e+00,2.3480400000000001e+00,,,5.0393599999999997e-03,4.5751000000000003e-03,4.4213000000000002e-01,6.2224999999999997e-01,3.0282840000000002e+00,3.1417560000000000e+00,,,,,2.8700865000000002e+00,3.8515769999999998e+00,5.2036530000000001e+00,4.8692279999999997e+00,849,"C2-2006-S02"
3.9516356300000002e+00,,1.9470128000000000e+00,,1.0824100000000001e+00,,2.4181500000000000e-01,,2.2790400000000002e+00,,,,4.7298599999999998e-03,,4.1686000000000001e-01,,1.9290240000000001e+00,,,,,,3.3935219999999999e+00,,5.4109965000000004e+00,,850,"C2-2006-S03"
1.2082297500000001e+00,9.3980249999999999e-01,3.2316920999999998e-01,2.7022086000000001e-01,3.2840780000000001e+00,3.4729239999999999e+00,5.3429599999999999e-01,5.2278100000000005e-01,3.1023600000000000e+00,3.1113599999999999e+00,,,2.6744300000000002e-03,2.6665000000000000e-03,4.8487999999999998e-01,3.6992999999999998e-01,2.1293730000000002e+00,1.9804409999999999e+00,,,,,1.5040350000000000e+00,1.7510850000000000e+00,7.9986600000000001e+00,8.7845399999999998e+00,851,"C2-2006-S04"
2.0749365000000002e+00,1.9219882500000001e+00,4.6540493999999999e-01,1.0128491100000001e+00,1.7917339999999999e+00,1.4232540000000000e+00,3.9611600000000002e-01,3.1551099999999999e-01,2.2822800000000001e+00,2.7776399999999999e+00,,,4.0711699999999998e-03,4.8369900000000002e-03,6.6461999999999999e-01,6.2187000000000003e-01,2.7339660000000001e+00,3.1878540000000002e+00,,,,,6.2019000000000002e-01,2.7600750000000001e+00,9.9900000000000002e+00,7.3974810000000000e+00,852,"C2-2006-S05"
2.5196535000000000e+00,4.2825509999999998e+00,6.7936050000000003e-01,1.3444114300000001e+00,2.7774179999999999e+00,2.0865179999999999e+00,5.2968999999999999e-01,2.7866299999999999e-01,2.5953599999999999e+00,2.6429999999999998e+00,,,2.3133400000000001e-03,8.5351699999999999e-03,5.9223000000000003e-01,7.3663000000000001e-01,2.1488760000000000e+00,5.2090740000000002e+00,,,,,2.7974700000000001e+00,2.0511900000000001e+00,9.8301599999999993e+00,1.0835820000000000e+01,853,"C2-2006-S06"
8.7069938000000002e-01,8.3845124999999998e-01,3.4905371000000002e-01,3.6272691000000001e-01,1.8285819999999999e+00,1.6927049999999999e+00,3.3393499999999998e-01,2.4642100000000000e-01,2.9632800000000001e+00,2.4470399999999999e+00,,,1.2499200000000001e-03,4.9361900000000000e-03,8.4416999999999998e-01,6.5169999999999995e-01,3.6027360000000002e+00,4.8792960000000001e+00,,,,,3.3701400000000001e+00,2.7950400000000002e+00,1.9214099999999998e+01,1.2780540000000000e+01,854,"C2-2006-S07"
,,,,2.2362129999999998e+00,2.1049419999999999e+00,4.6750900000000001e-01,3.6617699999999997e-01,2.6861999999999999e+00,2.8642799999999999e+00,,,7.0947800000000002e-03,2.5593600000000001e-03,5.6164000000000003e-01,2.9298000000000002e-01,4.1310900000000004e+00,4.3793100000000003e+00,,,,,1.4832449999999999e+00,4.5198675000000001e+00,8.8777799999999996e+00,7.5245625000000000e+00,855,"C2-2006-S08"
2.8980315000000001e+00,,8.5823010000000000e-01,,1.5826216000000001e+01,1.5962092999999999e+01,2.7336610000000001e+00,2.7635999999999998e+00,7.4469599999999998e+00,6.5369999999999999e+00,,,8.4320000000000003e-03,5.7813800000000000e-03,6.2414999999999998e-01,5.8064000000000004e-01,1.6160895000000000e+01,1.2006755999999999e+01,,,,,3.4061849999999998e+00,2.6804250000000001e+00,1.7988659999999999e+01,1.6390260000000001e+01,856,"C2-2006-S09"
2.7518400000000001e+00,3.2420114999999998e+00,1.1488932000000001e+00,1.3810796999999999e+00,5.6999250000000004e+00,5.2278099999999998e+00,1.0570770000000000e+00,7.4847500000000000e-01,3.5474399999999999e+00,,,,7.5828500000000004e-03,5.6623400000000001e-03,6.3136999999999999e-01,6.6442999999999997e-01,8.2409040000000005e+00,9.7780950000000004e+00,,,,,3.6992699999999998e+00,2.9432700000000001e+00,1.9320660000000000e+01,2.1338640000000002e+01,885,"C2-2006-S39"
2.1283762500000001e+00,3.1474169999999999e+00,1.6485241500000001e+00,1.9173445200000001e+00,5.2255070000000003e+00,5.3406570000000002e+00,8.5211000000000003e-01,8.2677699999999998e-01,3.5707200000000001e+00,3.4730400000000001e+00,,,5.5393300000000003e-03,1.3701500000000000e-02,6.8381000000000003e-01,6.2738000000000005e-01,1.0379142000000000e+01,9.8756100000000000e+00,,,,,1.8515250000000001e+00,2.9913300000000000e+00,2.3922720000000002e+01,1.6909739999999999e+01,886,"C2-2006-S40"
2.9775768800000000e+00,2.4992296899999999e+00,1.4391263299999999e+00,1.6801273100000000e+00,7.1761480000000004e+00,7.4640230000000001e+00,1.1814389999999999e+00,1.2551349999999999e+00,4.0944000000000003e+00,4.2586800000000000e+00,,,5.6266199999999997e-03,4.2497300000000002e-03,6.1578999999999995e-01,5.6354000000000004e-01,1.1038698000000000e+01,1.2543975000000000e+01,,,,,2.8908360000000002e+00,1.6970850000000000e+00,1.8634160999999999e+01,2.0952359999999999e+01,887,"C2-2006-S41"
2.7625893800000001e+00,2.8808324999999999e+00,2.0772092299999998e+00,1.5668289000000000e+00,6.1743430000000004e+00,6.0108300000000003e+00,1.0824100000000001e+00,9.1198800000000002e-01,3.8003999999999998e+00,3.7456800000000001e+00,,,8.0748799999999996e-03,3.0910700000000000e-03,7.1740899999999996e-01,1.1856789999999999e+00,1.1561733000000000e+01,1.1336562000000001e+01,,,,,3.0647700000000002e+00,7.8421500000000000e-01,2.8458179999999999e+01,1.4965020000000001e+01,888,"C2-2006-S42"
2.5540514999999999e+00,2.7991372499999998e+00,1.8296296200000000e+00,2.0551085100000002e+00,6.3816129999999998e+00,6.0799200000000004e+00,1.0409560000000000e+00,1.0478650000000000e+00,5.3054399999999999e+00,4.2466799999999996e+00,,,5.2576000000000003e-03,5.1941100000000000e-03,4.3838300000000002e-01,6.9889599999999996e-01,1.1641518000000000e+01,1.3887909000000001e+01,,,,,2.1605400000000001e+00,2.5604100000000001e+00,1.6190460000000002e+01,2.2406475000000000e+01,889,"C2-2006-S43"
3.9557699999999998e+00,3.6762862500000000e+00,1.9056492000000000e+00,2.0097031500000000e+00,7.7956550000000000e+00,7.8900779999999999e+00,1.2597410000000000e+00,1.4508900000000000e+00,4.2286799999999998e+00,4.2180000000000000e+00,,,3.7140500000000000e-03,6.1940500000000004e-03,4.8327399999999998e-01,6.3633899999999999e-01,9.4678199999999997e+00,9.0919439999999998e+00,,,,,1.9680299999999999e+00,1.6974899999999999e+00,2.2397580000000001e+01,1.9980000000000000e+01,890,"C2-2006-S44"
5.9852520000000000e+00,5.3015917500000000e+00,2.3858452799999998e+00,2.6360907299999998e+00,,,,,,,,,9.9834899999999994e-03,6.6582999999999998e-03,6.3500800000000002e-01,5.0819999999999999e-01,1.3395015000000001e+01,1.0419921000000000e+01,,,,,2.9812725000000002e+00,1.3980600000000001e+00,2.4821023499999999e+01,2.9557079999999999e+01,891,"C2-2006-S45A"
9.8937247500000005e+00,9.2552118799999992e+00,5.0652774899999997e+00,5.1093929300000003e+00,6.7477900000000002e+00,6.8030619999999997e+00,1.1630149999999999e+00,1.2298020000000001e+00,3.7796400000000001e+00,3.7375200000000000e+00,,,4.4124200000000002e-03,4.9123800000000000e-03,4.6827000000000002e-01,5.6361799999999995e-01,1.3776210000000001e+01,1.2607803000000001e+01,,,,,3.4766550000000001e+00,1.8569249999999999e+00,1.0592064000000001e+02,4.4075879999999998e+01,892,"C2-2006-S46"
8.8359862499999995e+00,6.3980280000000000e+00,3.6092101500000000e+00,2.0391134399999999e+00,6.5451259999999998e+00,6.5313080000000001e+00,1.1676210000000000e+00,1.1491970000000000e+00,3.6979199999999999e+00,3.7252800000000001e+00,,,3.4402600000000001e-03,6.8646400000000000e-03,6.9115199999999999e-01,7.8141799999999995e-01,1.1762081999999999e+01,1.1519181000000000e+01,,,,,1.8708300000000000e+00,3.3011279999999998e+00,2.3762879999999999e+01,2.8439502000000001e+01,893,"C2-2006-S46A"
1.5788682000000000e+01,1.5298510500000001e+01,2.6871717600000000e+00,2.8801445399999999e+00,,,,,3.9043199999999998e+00,3.7882799999999999e+00,,,6.9797100000000001e-03,3.9402200000000004e-03,4.6391399999999999e-01,4.4322299999999998e-01,1.3934006999999999e+01,1.3919822999999999e+01,,,,,2.4725250000000001e+00,3.0832649999999999e+00,2.7379259999999999e+01,3.0416219999999999e+01,894,"C2-2006-S46B"
1.6678730250000001e+01,1.9846417500000001e+01,2.9487685500000000e+00,4.7609288999999997e+00,,,,,3.7453200000000000e+00,3.7582800000000001e+00,,,2.9680599999999998e-03,4.3806699999999997e-03,5.9072199999999997e-01,3.6989699999999998e-01,7.6859549999999999e+00,7.9164450000000004e+00,,,,,1.5811200000000001e+00,4.6116000000000001e-01,2.8118520000000000e+01,6.7372559999999993e+01,895,"C2-2006-S46C"
4.5577350000000001e+00,4.5663345000000000e+00,3.2643702000000001e+00,3.5570971800000000e+00,,,,,3.8028000000000000e+00,3.8608799999999999e+00,,,3.1029800000000000e-03,4.0553000000000004e-03,5.4958200000000001e-01,5.0021400000000005e-01,1.7793828000000001e+01,1.2737232000000001e+01,,,,,2.1053250000000001e+00,2.7618299999999998e+00,3.3419879999999999e+01,4.6986300000000000e+01,896,"C2-2006-S46D"
5.4821812500000000e+01,4.6824277500000001e+01,1.7125044299999999e+01,2.1407595300000001e+01,6.6142159999999999e+00,6.0776170000000000e+00,1.1952570000000000e+00,9.0507899999999997e-01,3.7412399999999999e+00,3.9525600000000001e+00,,,7.9400000000000002e-06,5.8250200000000002e-03,4.4636900000000002e-01,5.7729100000000000e-01,1.2033351000000000e+01,1.0270989000000000e+01,,,,,1.1763900000000000e+00,4.3551000000000001e-01,6.4888379999999998e+01,1.7815500000000000e+02,897,"C2-2006-S47"
3.0528225000000000e+00,4.9017150000000003e+00,4.2945903000000003e+00,1.3637824200000001e+01,5.6354410000000001e+00,5.0712060000000001e+00,1.0847130000000000e+00,8.5671600000000003e-01,3.7942800000000001e+00,2.8761240000000001e+01,,,1.1546900000000001e-03,1.8649599999999999e-03,7.1958699999999998e-01,4.3124400000000002e-01,2.0861118000000001e+01,2.3591538000000000e+01,,,,,3.6402749999999999e+00,4.0735574999999997e+00,4.3909379999999999e+01,1.2733566300000000e+02,898,"C2-2006-S48"
5.4913949999999998e+00,7.0300912499999999e+00,1.7435363400000000e+01,2.3618526750000001e+01,,,,,3.4783200000000001e+00,4.2149999999999999e+00,,,5.8686700000000003e-03,2.4839699999999998e-03,5.6978899999999999e-01,5.5575300000000005e-01,2.1029553000000000e+01,2.0194469999999999e+01,,,,,3.5083799999999998e+00,1.8708300000000000e+00,1.3869450000000001e+02,2.2006638000000001e+02,899,"C2-2006-S48A"
2.6830440000000002e+00,2.6056485000000000e+00,3.7810281600000000e+00,4.6261870199999997e+00,,,,,3.2932800000000002e+00,3.2006399999999999e+00,,,1.0435799999999999e-03,1.1078660000000001e-02,4.3475300000000000e-01,2.8931099999999998e-01,2.3462109000000002e+01,2.2293702000000000e+01,,,,,2.7902205000000002e+00,2.4725250000000001e+00,5.4163473000000003e+01,5.9106274499999998e+01,900,"C2-2006-S48B"
6.1916399999999996e+00,7.3525725000000000e+00,1.1578366800000000e+01,1.9457228700000002e+01,,,,,4.6911600000000000e+00,4.0513199999999996e+00,,,1.0078699999999999e-03,2.2776300000000001e-03,5.3627199999999997e-01,3.9349200000000001e-01,1.1795769000000000e+01,2.7109169999999999e+01,,,,,9.1728449999999995e-01,1.5811200000000001e+00,1.5063839700000000e+02,2.3952187350000000e+02,901,"C2-2006-S48C"
1.0383896249999999e+01,1.7220498750000001e+01,1.4196914550000001e+01,3.0764711250000001e+01,,,,,3.8012400000000000e+00,4.4257200000000001e+00,,,2.2101800000000000e-03,4.9084200000000001e-03,5.9640899999999997e-01,4.7286800000000001e-01,1.2045762000000000e+01,1.2086541000000000e+01,,,,,1.6661699999999999e+00,2.1053250000000001e+00,1.4042609999999999e+02,2.4492150000000001e+02,902,"C2-2006-S48D"
4.9017150000000003e+00,5.7616649999999998e+00,4.7395529999999999e+00,4.3307082000000001e+00,4.9929040000000002e+00,5.2462340000000003e+00,8.0144400000000005e-01,9.9489600000000000e-01,3.2785199999999999e+00,3.4365600000000001e+00,,,1.3213400000000001e-03,4.9163499999999999e-03,4.1527199999999997e-01,5.8455100000000004e-01,2.1100473000000001e+01,1.5394959000000000e+01,,,,,1.7095050000000001e+00,1.5022800000000001e+00,2.9350619999999999e+01,5.8854419999999998e+01,903,"C2-2006-S49"
1.2383280000000001e+00,1.6382047500000001e+00,2.1051576000000001e+00,2.6959432500000000e+00,2.3859080000000001e+00,,3.0169299999999999e-01,,2.9630399999999999e+00,1.8243600000000000e+00,,,0.0000000000000000e+00,3.1585300000000001e-03,3.8865200000000000e-01,4.4443300000000002e-01,3.1298769000000000e+01,2.9516904000000000e+01,,,,,1.5439950000000000e+00,1.8462600000000000e+00,1.7529119999999999e+01,3.2600700000000003e+01,904,"C2-2006-S50"
6.2346374999999998e-01,4.7297250000000002e-01,6.2862344999999997e-01,7.0343909999999998e-01,2.9939000000000000e+00,2.1141540000000001e+00,6.3562799999999997e-01,5.1126600000000000e-01,1.9552799999999999e+00,2.6587200000000002e+00,,,2.2657300000000001e-03,9.8802999999999998e-04,4.2664600000000003e-01,5.4934000000000005e-01,2.7477954000000000e+01,4.4225712000000001e+01,,,,,3.3042600000000002e+00,2.6600400000000000e+00,1.8614699999999999e+01,1.7688960000000002e+01,905,"C2-2006-S51"
1.0147409999999999e+00,9.3734550000000005e-01,1.0243724400000001e+00,1.1760676200000000e+00,4.1085520000000004e+00,3.6364369999999999e+00,7.6229300000000000e-01,6.5405199999999997e-01,5.4380400000000000e+00,2.5033200000000000e+00,,,,2.6981999999999999e-04,,4.5471800000000001e-01,2.3192613000000001e+01,2.6830808999999999e+01,,,,,,2.8544265000000002e+00,,2.1944968500000002e+01,906,"C2-2006-S52"
3.0294810000000001e+00,4.2046289999999997e+00,5.2177726079999999e+01,9.8062643240000000e+01,6.5174900000000002e-01,5.8265900000000004e-01,-7.5998999999999997e-02,2.3029999999999999e-03,,,,,-4.2446400000000001e-01,5.0859200000000004e-01,9.6896700000000002e-01,1.8917280000000001e+00,4.0218360000000004e+00,9.2633799999999999e-01,,,,,7.3943168999999997e-01,1.6269323400000000e+00,1.2004325199999999e+00,2.6574633099999998e+00,907,"C3-2006-S01"
2.7946620000000002e+00,2.2302540000000000e+00,3.7796957059999997e+01,4.7797202800000001e+01,4.3757000000000001e-01,9.9719899999999995e-01,-6.6786999999999999e-02,1.4278600000000000e-01,,,,,7.4950399999999995e-01,7.0743999999999996e-01,2.4810810000000001e+00,2.5816469999999998e+00,7.9014319999999998e+00,4.2174160000000001e+00,,,,,5.0486797999999999e-01,3.4432935999999997e-01,7.2514280000000000e-02,-3.5822277800000002e+00,908,"C3-2006-S02"
4.8237930000000002e+00,4.0909050000000002e+00,1.5636502322999999e+02,1.3927624148999999e+02,1.0110170000000001e+00,6.8859700000000001e-01,1.0363500000000000e-01,5.2969000000000002e-02,,,,,5.5065600000000003e-01,4.3593599999999999e-01,1.6910490000000000e+00,1.0228740000000001e+00,3.4902139999999999e+00,4.3703240000000001e+00,,,,,1.5397419000000001e-01,4.5425873000000000e-01,1.2562301400000000e+00,1.4237975000000000e+00,909,"C3-2006-S03"
1.9943820000000001e+00,1.7437680000000000e+00,3.4752531890000000e+01,3.6213399500000001e+01,2.0888209999999998e+00,1.9990040000000000e+00,2.8557199999999999e-01,3.2932899999999998e-01,,,,,4.5887999999999998e-02,1.6443199999999999e-01,1.5886709999999999e+00,9.7938599999999998e-01,1.1983720000000000e+00,1.1236960000000000e+00,,,,,6.5619015999999997e-01,1.2552959200000000e+00,-6.9251499999999994e-02,-2.4547020800000001e+00,910,"C3-2006-S04"
2.7009449999999999e+00,2.8020330000000002e+00,4.8428387100000002e+01,5.9619295960000002e+01,8.0835299999999999e-01,,3.2242000000000000e-02,,,,,,2.7150400000000002e-01,1.7208000000000001e-01,2.2296659999999999e+00,1.1655690000000001e+00,2.1816059999999999e+00,8.1432400000000005e-01,,,,,5.6845586999999997e-01,1.4566198600000000e+00,9.0051141999999995e-01,2.9032665000000002e-01,911,"C3-2006-S05"
4.6216169999999996e+00,,5.3052705760000002e+01,,1.0271380000000001e+00,,1.3357400000000000e-01,,,,,,-3.9387200000000000e-01,,8.7812000000000001e-02,,6.1678819999999996e+00,,,,,,5.5240551000000004e-01,,8.4843513300000009e+00,,912,"C3-2006-S06"
1.8796050000000000e+00,1.8006300000000000e+00,5.0289926289999997e+01,4.8275630249999999e+01,2.2062740000000001e+00,1.6696750000000000e+00,5.5041700000000005e-01,2.4642100000000000e-01,,,,,2.4091199999999999e-01,2.5238400000000000e-01,1.5864060000000000e+00,1.0654560000000000e+00,6.1269879999999999e+00,4.5072299999999998e+00,,,,,4.5889326000000003e-01,1.3990474700000000e+00,-1.0792212100000000e+00,-1.6725962400000001e+00,913,"C3-2006-S07"
3.1274099999999998e+00,3.0105270000000002e+00,8.9392010249999998e+01,5.6706184149999999e+01,1.9207019999999999e+00,2.5448149999999998e+00,1.4278600000000000e-01,5.4811399999999999e-01,,,,,4.8564800000000002e-01,5.5447999999999997e-01,1.4881050000000000e+00,1.7381610000000001e+00,4.0360600000000002e-01,3.9044880000000002e+00,,,,,4.0819032999999999e-01,-9.5640791000000003e-01,9.3738637999999996e-01,1.1141909000000001e+00,914,"C3-2006-S08"
4.3804800000000004e+00,7.1646120000000000e+00,2.2695172414000001e+02,2.1014061799999999e+02,1.5397857999999999e+01,1.5856154999999999e+01,2.8349929999999999e+00,2.8948710000000002e+00,,,,,2.7953440000000001e+00,2.4855999999999998e+00,1.5732690000000000e+00,1.3798379999999999e+00,7.1048879999999999e+00,1.0307066000000001e+01,,,,,6.3376734999999995e-01,1.5175187999999999e+00,9.6422970890000002e+01,1.1316067207000000e+02,915,"C3-2006-S09"
1.8582352900000001e+00,1.9771623500000000e+00,7.2155922039999993e+01,8.0126315790000007e+01,1.1515000000000000e+00,1.1031370000000000e+00,1.6121000000000000e-02,2.0726999999999999e-02,,,,,6.3478400000000001e-01,9.8276799999999997e-01,1.5886709999999999e+00,9.7123199999999998e-01,6.9288660000000002e+00,9.6705419999999993e+00,,,,,4.9489730999999998e-01,1.4307428400000000e+00,1.0478718130000001e+01,1.1189103129999999e+01,916,"C3-2006-S10"
2.7083159999999999e+00,2.6572764699999998e+00,1.0227226890999999e+02,1.1179333655000001e+02,1.3725879999999999e+00,1.3541639999999999e+00,2.9017799999999999e-01,1.9345200000000001e-01,,,,,-4.9711999999999999e-02,7.2655999999999998e-02,7.5288600000000006e-01,1.4591130000000001e+00,5.9385200000000005e-01,5.5562500000000004e+00,,,,,8.9081401999999998e-01,-1.3271898400000000e+00,5.8353492100000004e+00,4.3187451100000001e+00,917,"C3-2006-S11"
2.2365719999999998e+00,2.3039640000000001e+00,7.7884972169999998e+01,9.7351310859999998e+01,1.3380430000000001e+00,2.3214239999999999e+00,1.7963399999999999e-01,5.1587200000000000e-01,,,,,6.5007999999999996e-02,1.1854400000000000e-01,1.7689649999999999e+00,2.2248799999999999e-01,3.1790639999999999e+00,3.5346639999999998e+00,,,,,9.0254548000000001e-01,1.8543087100000000e+00,3.5196827599999998e+00,-2.8761803000000002e-01,918,"C3-2006-S12"
2.3502960000000002e+00,2.4008400000000001e+00,1.0157508343000001e+02,9.6528301889999995e+01,1.5568280000000001e+00,1.7065230000000000e+00,2.3951200000000000e-01,3.1090499999999999e-01,,,,,-7.6480000000000006e-02,2.9865439999999999e+00,9.4269300000000000e-01,1.1136000000000000e-01,4.6299120000000000e+00,6.7315079999999998e+00,,,,,5.9887838000000004e-01,1.1294458000000000e-01,4.9597521200000001e+00,5.5303067900000000e+00,919,"C3-2006-S13"
2.5272000000000001e+00,2.5651079999999999e+00,1.3498109715999999e+02,1.3063970037000001e+02,3.4199549999999999e+00,3.0722019999999999e+00,6.4023399999999997e-01,4.9284200000000000e-01,,,,,3.3651199999999998e-01,2.4473600000000001e-01,1.6158800000000001e-01,2.1965970000000001e+00,6.3581279999999998e+00,5.1828700000000003e+00,,,,,6.7443902000000000e-01,8.2944525999999996e-01,1.1900634220000001e+01,9.1753053799999993e+00,920,"C3-2006-S14"
2.3613525000000002e+00,2.6298675000000000e+00,1.3080690738000001e+02,1.1460317460000000e+02,1.5577491999999999e+01,1.5595916000000001e+01,2.8372959999999998e+00,2.8718409999999999e+00,,,,,1.2095312000000000e+01,1.2041776000000000e+01,2.4221910000000002e+00,1.0654560000000000e+00,1.4849856000000001e+01,1.7988026000000001e+01,,,,,1.0716514100000001e+00,5.1171727000000000e-01,4.2223086719999998e+01,4.6539478740000000e+01,921,"C3-2006-S16"
2.2744800000000001e+00,2.7672840000000001e+00,7.2411650490000000e+01,7.9419679630000005e+01,1.1699240000000000e+00,2.1256689999999998e+00,3.9150999999999998e-02,5.5732599999999999e-01,,,,,4.5888000000000001e-01,1.9120000000000002e-02,1.2562799999999999e-01,2.0955780000000002e+00,5.7909459999999999e+00,4.1214040000000001e+00,,,,,5.8277184000000004e-01,1.5255407700000001e+00,1.1097295120000000e+01,4.2446397600000001e+00,922,"C3-2006-S17"
2.3522400000000001e+00,2.3862600000000000e+00,6.0583210600000001e+01,7.3427450980000003e+01,4.2375200000000000e+00,2.9869910000000002e+00,1.0294410000000001e+00,5.1587200000000000e-01,,,,,1.5219520000000000e+00,6.6920000000000002e-01,4.7247899999999998e-01,1.1600000000000001e-01,5.6113679999999997e+00,2.8608020000000001e+00,,,,,1.4451718499999999e+00,7.9108349999999994e-02,1.0366315130000000e+01,1.0017127309999999e+01,923,"C3-2006-S18"
2.2955399999999999e+00,2.1986640000000000e+00,1.0158450988000000e+02,8.4745762709999994e+01,1.0243744000000000e+01,9.5827829999999992e+00,1.8055520000000000e+00,1.6696750000000000e+00,,,,,2.9521280000000001e+00,2.4550079999999999e+00,1.2389550000000000e+00,2.7120800000000000e-01,5.1313079999999998e+00,2.4145240000000001e+00,,,,,2.9848133999999998e-01,1.0475130800000001e+00,2.4861598590000000e+01,2.3812751590000001e+01,924,"C3-2006-S19"
2.5320600000000000e+00,3.1347000000000000e+00,7.0101231189999993e+01,7.9107658160000000e+01,1.6558569999999999e+00,1.6512510000000000e+00,2.5333000000000000e-01,2.4181500000000000e-01,,,,,3.1815680000000000e+00,-3.8240000000000001e-03,1.6472000000000001e-01,9.6353100000000003e-01,2.5923240000000001e+00,4.5552359999999998e+00,,,,,1.4715814800000000e+00,7.0657574000000001e-01,3.6231309500000002e+00,4.1999335799999997e+00,925,"C3-2006-S20"
1.9480500000000001e+00,1.6005600000000000e+00,8.5381818179999996e+01,9.8778775510000003e+01,6.7938499999999999e+00,6.8030619999999997e+00,1.0824100000000001e+00,1.0778040000000000e+00,,,,,2.1070240000000000e+00,2.0611359999999999e+00,1.7635289999999999e+00,8.8561500000000004e-01,4.5925739999999999e+00,2.3042880000000001e+00,,,,,-4.3380531000000000e-01,6.5248614000000005e-01,1.6148862340000001e+01,1.6165270350000000e+01,926,"C3-2006-S21"
1.5415920000000000e+01,,1.3462658678000000e+02,,1.2182869999999999e+01,,1.9943979999999999e+00,,,,,,5.0323840000000004e+00,,4.1458400000000001e-01,,8.5521799999999999e+00,,,,,,1.3430579600000001e+00,,1.2333326961000000e+02,,927,"C3-2006-S22"
2.0638800000000002e+00,,7.6038554219999995e+01,,2.3398479999999999e+00,,5.2047800000000000e-01,,,,,,3.0515520000000000e+00,,1.6854800000000000e-01,,1.0739120000000000e+00,,,,,,-8.4905986000000000e-01,,8.6545945700000004e+00,,928,"C3-2006-S23"
2.7957150000000000e+00,,9.3813664599999996e+01,,2.4434830000000001e+00,,6.3562799999999997e-01,,,,,,1.2236800000000000e-01,,1.3064519999999999e+00,,2.4536400000000000e+00,,,,,,2.9158686000000000e-01,,1.0969306599999999e+01,,929,"C3-2006-S24"
2.2660559999999998e+00,2.3418720000000000e+00,1.0437160243000000e+02,1.0503209243000001e+02,6.5681560000000001e+00,2.8971740000000001e+00,2.3651810000000002e+00,4.7441800000000001e-01,,,,,5.3535999999999995e-01,7.3420799999999997e-01,1.4743600000000001e-01,3.0449999999999999e-01,6.9697600000000004e-01,1.2801599999999999e-01,,,,,9.5898512999999996e-01,3.4197114000000001e-01,9.3305520499999997e+00,1.1941495370000000e+01,930,"C3-2006-S25"
2.5181742900000001e+00,,1.3062857142999999e+02,,,,,,,,,,5.2656479999999997e+00,,3.1668000000000002e-01,,3.8547039999999999e+00,,,,,,1.5369366000000001e-01,,3.1262972489999999e+01,,931,"C3-2006-S26"
2.5377299999999998e+00,,1.1663157895000001e+02,,1.1526515000000000e+01,,1.9897920000000000e+00,,,,,,5.1891679999999996e+00,,1.7721359999999999e+00,,6.7421759999999997e+00,,,,,,-8.4862679999999996e-02,,3.4030726850000001e+01,,932,"C3-2006-S27"
9.7802640000000007e+00,,2.5432265648000001e+02,,1.6102575999999999e+01,,3.2403209999999998e+00,,,,,,8.5160479999999996e+00,,1.5103020000000000e+00,,1.1176508000000000e+01,,,,,,-4.9062950000000001e-02,,1.1298751553000000e+02,,933,"C3-2006-S28"
1.1514555000000000e+01,,1.6762459547000000e+02,,2.3076059999999998e+00,,3.2011699999999998e-01,,,,,,2.0687840000000000e+00,,1.6715700000000000e+00,,8.2285839999999997e+00,,,,,,5.3579988000000001e-01,,1.1310356216000000e+02,,934,"C3-2006-S29"
5.9283900000000003e+00,,8.0022308920000000e+01,,2.1579109999999999e+00,,4.1454000000000002e-01,,,,,,6.0419199999999995e-01,,1.5927480000000001e+00,,1.3370560000000000e+00,,,,,,1.1458054600000001e+00,,3.7063844300000000e+01,,935,"C3-2006-S30"
4.5363239999999996e+00,,1.1030830039999999e+02,,1.7756130000000001e+00,,2.7866299999999999e-01,,,,,,3.7857600000000002e-01,,1.4935410000000000e+00,,2.4287480000000001e+00,,,,,,9.7465102000000003e-01,,3.4353716159999998e+01,,936,"C3-2006-S31"
2.0954700000000002e+00,2.3218649999999998e+00,9.1272727270000004e+01,9.2349253730000001e+01,2.3997259999999998e+00,2.4941490000000002e+00,3.8690400000000003e-01,4.0072200000000002e-01,,,,,2.8603519999999998e+00,4.8947200000000002e-01,1.4622839999999999e+00,7.4699700000000002e-01,1.0401300000000000e+00,1.3690600000000000e-01,,,,,5.1601695000000003e-01,4.8857520000000002e-02,1.0816650050000000e+01,8.8878026299999995e+00,937,"C3-2006-S32"
7.4025900000000000e+00,,1.9863748290000001e+02,,7.8854720000000000e+00,,1.3771940000000000e+00,,,,,,6.7340640000000000e+00,,6.1970400000000003e-01,,5.5295800000000002e+00,,,,,,1.6343907200000001e+00,,8.4434735559999993e+01,,938,"C3-2006-S33"
2.2744800000000001e+00,,1.4397419355000000e+02,,1.1238640000000000e+01,,1.9851859999999999e+00,,,,,,5.2427039999999998e+00,,1.2838020000000001e+00,,9.7896680000000007e+00,,,,,,2.1580424900000001e+00,,4.3598659840000003e+01,,939,"C3-2006-S34"
1.8928728000000000e+01,,9.9753205129999998e+01,,1.4822108000000000e+01,,2.8004479999999998e+00,,,,,,1.0573359999999999e+01,,1.1284230000000000e+00,,1.4775180000000001e+01,,,,,,3.1371384000000002e-01,,1.8230080624999999e+02,,940,"C3-2006-S35"
1.8574919999999999e+00,2.0896785000000002e+00,1.2347899200000001e+00,1.4684506200000000e+00,3.1021410000000000e+00,2.1993649999999998e+00,5.2968999999999999e-01,2.4181500000000000e-01,3.1980000000000000e+00,2.5580400000000001e+00,,,9.2692499999999997e-03,3.3966100000000000e-03,6.4885000000000004e-01,5.4910000000000003e-01,1.7644895999999999e+01,7.8065189999999998e+00,,,,,4.3299899999999996e+00,7.7125500000000000e-02,1.5550762499999999e+01,8.8890165000000003e+00,857,"C2-2006-S10"
2.4573071299999998e+00,2.4444078800000000e+00,1.7034749600000001e+00,1.5244333699999999e+00,1.9736710000000000e+00,1.6397360000000001e+00,3.0169299999999999e-01,1.9345200000000001e-01,2.4080400000000002e+00,2.4180000000000001e+00,,,3.1426599999999998e-03,4.7179500000000003e-03,5.3522999999999998e-01,7.0223999999999998e-01,4.3864020000000004e+00,5.3597789999999996e+00,,,,,2.6003699999999998e+00,3.2026050000000001e+00,1.1202120000000001e+01,9.2840399999999992e+00,858,"C2-2006-S11"
2.0948381999999999e+00,2.4444078800000000e+00,1.3427603299999999e+00,1.6792243700000000e+00,2.4549979999999998e+00,2.1740320000000000e+00,4.7672100000000001e-01,3.9381300000000002e-01,,2.4843600000000001e+00,,,2.5395200000000000e-03,4.5830400000000000e-03,5.9660000000000002e-01,5.1812999999999998e-01,4.7906459999999997e+00,4.8012839999999999e+00,,,,,2.9106000000000001e+00,4.0220549999999999e+00,1.1761559999999999e+01,8.7911999999999999e+00,859,"C2-2006-S12"
2.1799732500000002e+00,2.1864228799999998e+00,1.5350107500000001e+00,1.3737701300000000e+00,1.9874890000000001e+00,1.6650689999999999e+00,3.7769200000000003e-01,1.9575500000000001e-01,2.5807199999999999e+00,2.4063599999999998e+00,,,5.7536000000000002e-03,1.0396160000000000e-02,6.4714000000000005e-01,5.0426000000000004e-01,4.9963139999999999e+00,4.9342590000000000e+00,,,,,1.8380924999999999e+00,2.0137950000000000e+00,8.2067894999999993e+00,7.1928000000000001e+00,860,"C2-2006-S13"
2.0445311300000002e+00,2.0380815000000001e+00,1.6642612400000001e+00,1.6830941399999999e+00,2.8004479999999998e+00,2.5747540000000000e+00,5.1126600000000000e-01,3.9611600000000002e-01,3.1203599999999998e+00,2.6116799999999998e+00,,,5.2456999999999998e-03,2.1387500000000000e-03,5.1148000000000005e-01,6.4771000000000001e-01,5.4626130000000002e+00,5.8172129999999997e+00,,,,,3.4651800000000001e+00,2.5150500000000000e+00,1.4205780000000001e+01,9.1242000000000001e+00,861,"C2-2006-S14"
3.4827975000000002e+00,3.4140014999999999e+00,1.7264356199999999e+00,1.6713988200000001e+00,1.5678824000000001e+01,1.5402464000000000e+01,2.8165689999999999e+00,2.6438440000000001e+00,6.2426399999999997e+00,6.4157999999999999e+00,,,3.5473900000000001e-03,1.3272960000000000e-02,3.4637000000000001e-01,7.8451000000000004e-01,1.7029665000000001e+01,1.5581124000000001e+01,,,,,2.4190784999999999e+00,2.0407950000000001e+00,1.0253470500000001e+01,2.0705939999999998e+01,862,"C2-2006-S16"
1.7027010000000000e+00,1.7616689999999999e+00,1.3046670000000000e+00,1.1820135599999999e+00,2.9524460000000001e+00,2.3444539999999998e+00,7.2314199999999995e-01,4.4678200000000001e-01,2.4457200000000001e+00,2.5233599999999998e+00,,,4.2576599999999999e-03,1.7776599999999999e-03,5.7323000000000002e-01,5.0995999999999997e-01,9.8649719999999999e+00,6.4377630000000003e+00,,,,,4.8702600000000001e-01,2.2450500000000001e-01,1.0868812500000001e+01,1.5697620000000001e+01,863,"C2-2006-S17"
1.1093355000000000e+00,1.1867310000000000e+00,1.3239790199999999e+00,1.3477136400000000e+00,3.9749780000000001e+00,5.4972610000000000e+00,8.5671600000000003e-01,1.5706460000000000e+00,3.0286800000000000e+00,3.1149600000000000e+00,,,6.1027800000000004e-03,4.0433900000000000e-03,3.4504000000000001e-01,4.3642999999999998e-01,6.2959230000000002e+00,6.2994690000000002e+00,,,,,2.9150550000000002e+00,2.1379815000000000e+00,1.8401579999999999e+01,1.0360486500000000e+01,864,"C2-2006-S18"
1.8832905000000000e+00,2.0552804999999998e+00,1.3693843800000001e+00,1.7009810999999999e+00,9.6058129999999995e+00,9.9535660000000004e+00,1.6305240000000001e+00,1.8838539999999999e+00,4.5839999999999996e+00,4.4966400000000002e+00,,,4.1029100000000004e-03,9.9358699999999994e-03,9.9407999999999996e-01,3.9557999999999999e-01,1.1311740000000000e+01,1.3036868999999999e+01,,,,,3.8899439999999998e+00,2.6086049999999998e+00,1.3758244500000000e+01,1.7302679999999999e+01,865,"C2-2006-S19"
4.0909050000000002e+00,2.9754269999999998e+00,1.6690892399999999e+00,1.5320869200000000e+00,3.1528070000000001e+00,3.2242000000000002e+00,5.4811399999999999e-01,6.2871900000000003e-01,4.6276799999999998e+00,2.8100399999999999e+00,,,8.0590100000000001e-03,4.8131800000000002e-03,4.7917999999999999e-01,5.1622999999999997e-01,8.9997480000000003e+00,7.3189440000000001e+00,,,,,1.8424799999999999e+00,3.7640699999999998e+00,1.6876439999999999e+01,1.6003979999999999e+01,866,"C2-2006-S20"
1.4511656300000000e+00,1.3587210000000001e+00,1.1080455800000000e+00,1.1014239600000000e+00,7.5469309999999998e+00,7.5146889999999997e+00,1.4439810000000000e+00,1.3725879999999999e+00,3.9565199999999998e+00,,,,7.7137899999999999e-03,5.1147500000000004e-03,5.3503999999999996e-01,7.1345000000000003e-01,8.4784860000000002e+00,6.2338680000000002e+00,,,,,3.0196394999999998e+00,2.7142694999999999e+00,2.2720834499999999e+01,1.4373586500000000e+01,867,"C2-2006-S21"
4.2309539999999997e+00,,3.8677111200000001e+00,,3.1429041000000002e+01,,5.6124109999999998e+00,,1.0482360000000000e+01,,,,5.7139199999999999e-03,,6.0021000000000002e-01,,1.2937581000000000e+01,,,,,,3.1600799999999998e+00,,4.4668619999999997e+01,,868,"C2-2006-S22"
7.0085924999999998e+00,,4.7692826999999998e+00,,5.5778660000000002e+00,,9.7647200000000001e-01,,3.6849599999999998e+00,,,,4.1584600000000001e-03,,5.7189999999999996e-01,,9.5192370000000004e+00,,,,,,3.3565049999999998e+00,,1.7981999999999999e+01,,869,"C2-2006-S23"
2.9840265000000001e+00,,1.7133643800000000e+00,,2.6323289999999999e+00,,4.3987300000000001e-01,,2.5939199999999998e+00,,,,3.8608599999999998e-03,,6.5854000000000001e-01,,7.8242490000000000e+00,,,,,,5.1901155000000001e+00,,1.4500667999999999e+01,,870,"C2-2006-S24"
1.5092122500000000e+00,1.4619150000000001e+00,1.0417434299999999e+00,1.0869768000000000e+00,3.3808039999999999e+00,2.4549979999999998e+00,6.2180999999999997e-01,4.7672100000000001e-01,2.8279200000000002e+00,2.9109600000000002e+00,,,9.3366999999999999e-03,9.1621099999999994e-03,5.5023999999999995e-01,4.5979999999999999e-01,6.9537060000000004e+00,5.5530359999999996e+00,,,,,1.8173429999999999e+00,1.8974249999999999e+00,1.7416854000000001e+01,1.8288360000000001e+01,871,"C2-2006-S25"
2.2734928100000000e+00,,1.4879284900000000e+00,,8.7583090000000006e+00,,1.5291920000000001e+00,,4.4642400000000002e+00,,,,1.1582590000000000e-02,,5.9887999999999997e-01,,1.2423411000000000e+01,,,,,,2.1892950000000000e+00,,4.0905720000000002e+01,,872,"C2-2006-S26"
4.9361129999999998e+00,,4.4091356399999997e+00,,1.1918025000000000e+01,,2.1694260000000001e+00,,5.5828800000000003e+00,,,,1.5344260000000000e-02,,5.5954999999999999e-01,,1.5593534999999999e+01,,,,,,3.2392710000000000e+00,,1.2514183500000000e+01,,873,"C2-2006-S27"
3.7923795000000000e+00,,2.4735601800000002e+00,,1.5296526000000000e+01,,2.7451759999999998e+00,,6.0009600000000001e+00,,,,5.6305900000000004e-03,,9.2054999999999998e-01,,1.4724765000000000e+01,,,,,,3.0983849999999999e+00,,4.2191099999999999e+01,,874,"C2-2006-S28"
4.1793570000000003e+01,,2.1063959279999999e+01,,2.0950391000000000e+01,,3.7746170000000001e+00,,7.9082400000000002e+00,,,,6.4202199999999999e-03,,3.4256999999999999e-01,,1.3453524000000000e+01,,,,,,3.6487799999999999e+00,,2.6192166000000000e+01,,875,"C2-2006-S29"
6.6891825000000003e+00,,3.0759183000000001e+00,,6.8629400000000000e+00,,1.2436199999999999e+00,,4.4941199999999997e+00,,,,6.5353000000000000e-03,,4.9362000000000000e-01,,2.3465655000000002e+01,,,,,,3.8457045000000001e+00,,1.3504081500000000e+01,,876,"C2-2006-S30"
4.8372187499999999e+00,,1.7465584500000000e+00,,3.2380179999999998e+00,,6.0108300000000003e-01,,2.8198799999999999e+00,,,,3.8568999999999999e-03,,4.1172999999999998e-01,,8.7178410000000000e+00,,,,,,2.4401250000000001e+00,,1.3593059999999999e+01,,877,"C2-2006-S31"
1.6511039999999999e+00,1.5307109999999999e+00,1.0154289599999999e+00,1.0285002000000001e+00,3.0008089999999998e+00,3.0998380000000001e+00,5.4120500000000005e-01,5.8956799999999998e-01,3.9705599999999999e+00,2.9792399999999999e+00,,,9.6977899999999995e-03,4.1346600000000001e-03,6.3802000000000003e-01,5.9887999999999997e-01,5.3172269999999999e+00,6.2746469999999999e+00,,,,,2.9836214999999999e+00,1.7724150000000001e+00,1.5925318499999999e+01,1.2574080000000000e+01,878,"C2-2006-S32"
,,,,5.8081659999999999e+00,,9.4883600000000001e-01,,3.9825599999999999e+00,,,,8.2097899999999998e-03,,7.8108999999999995e-01,,8.9430119999999995e+00,,,,,,3.0983309999999999e+00,,1.6500529499999999e+01,,879,"C2-2006-S33"
,,,,9.7831440000000001e+00,,1.7848250000000001e+00,,4.7914800000000000e+00,,,,1.2582530000000000e-02,,1.1394299999999999e+00,,1.2088314000000000e+01,,,,,,9.6970500000000004e-01,,1.9440539999999999e+01,,880,"C2-2006-S34"
4.5362362500000000e+00,,1.3458217500000000e+00,,1.4852047000000001e+01,,2.6392380000000002e+00,,5.9985600000000003e+00,,,,3.8926099999999999e-03,,5.8520000000000005e-01,,1.0941183000000001e+01,,,,,,1.7305649999999999e+00,,1.7469180000000001e+01,,881,"C2-2006-S35"
2.1584745000000001e+00,1.9735852500000000e+00,1.5152319000000001e+00,1.3699003500000000e+00,4.0509769999999996e+00,2.4423314999999999e+01,5.2047800000000000e-01,4.4493960000000001e+00,3.3102000000000000e+00,,,,6.8130600000000001e-03,5.7456599999999997e-03,5.9128000000000003e-01,5.3903000000000001e-01,1.0274535000000000e+01,9.5103720000000003e+00,,,,,2.9597400000000000e+00,2.1759300000000001e+00,1.6299874500000001e+01,1.9973340000000000e+01,882,"C2-2006-S36"
2.0638800000000002e+00,2.2616684999999999e+00,1.3126276800000001e+00,1.5111041400000000e+00,4.8869660000000001e+00,4.9215109999999997e+00,7.4156599999999995e-01,8.3829200000000004e-01,3.3963600000000000e+00,3.4068000000000001e+00,,,7.5352300000000004e-03,6.1464299999999996e-03,3.3877000000000002e-01,8.6811000000000005e-01,8.8756380000000004e+00,9.1167660000000001e+00,,,,,1.5227999999999999e+00,4.0868684999999996e+00,1.2207780000000000e+01,1.7443608000000001e+01,883,"C2-2006-S37"
1.8445927499999999e+00,1.1867310000000000e+00,1.3007603700000001e+00,4.1628459600000003e+00,2.4080168000000000e+01,,4.5184860000000002e+00,,7.4121600000000001e+00,,,,4.8330200000000004e-03,2.1911300000000002e-02,7.5885999999999998e-01,3.1046000000000001e-01,1.0246167000000000e+01,8.6433750000000007e+00,,,,,3.2150249999999998e+00,1.9147050000000001e+00,1.5531120000000000e+01,8.4981600000000004e+00,884,"C2-2006-S38"
3.2695650000000001e+00,3.2537699999999998e+00,1.1287628866000000e+02,1.0825757575999999e+02,4.2098839999999997e+00,2.4457860000000000e+00,1.0939250000000000e+00,2.7405700000000000e-01,,,,,9.6747200000000000e-01,2.5850240000000002e+00,2.3919199999999999e-01,2.2005200000000000e-01,8.1076800000000004e-01,1.2072620000000001e+00,,,,,2.5420704000000000e-01,6.5526080000000000e-02,3.4200514320000003e+01,3.9015901679999999e+01,941,"C3-2006-S36"
3.1147740000000002e+00,3.1337280000000001e+00,1.3040182648000001e+02,1.2573257728000000e+02,5.9463460000000001e+00,6.1444039999999998e+00,1.0133200000000000e+00,1.1330760000000000e+00,,,,,3.4568960000000000e+00,3.7436959999999999e+00,1.2670410000000001e+00,1.5323600000000001e-01,2.3682960000000000e+00,4.3578780000000004e+00,,,,,-2.2560607999999999e-01,1.8146668800000001e+00,4.9160599320000003e+01,8.0319816360000004e+01,942,"C3-2006-S37"
2.0296574999999999e+00,1.9712160000000001e+00,9.0961038959999996e+01,9.2000000000000000e+01,2.8246295000000000e+01,2.8716107000000001e+01,5.0458730000000003e+00,5.0642969999999998e+00,,,,,1.5601920000000000e+00,3.1586240000000001e+00,8.5299899999999995e-01,6.7768799999999996e-01,1.8935700000000000e+00,2.7736800000000001e+00,,,,,1.3111619200000000e+00,1.0806467200000001e+00,2.5639825680000001e+01,1.6534707279999999e+01,943,"C3-2006-S38"
2.8115100000000002e+00,3.3116850000000002e+00,9.2000000000000000e+01,1.1847898338000000e+02,4.6175150000000000e+00,4.8984810000000003e+00,7.5538400000000006e-01,9.0738200000000002e-01,,,,,2.4550079999999999e+00,1.7131520000000000e+00,2.1195870000000001e+00,1.9488060000000000e+00,6.3990220000000004e+00,4.2618660000000004e+00,,,,,-5.2826399999999996e-01,3.2316950400000000e+00,3.7863681800000002e+01,6.0419969960000003e+01,944,"C3-2006-S39"
2.9536650000000000e+00,3.1432050000000000e+00,1.0656179775000000e+02,1.3343925974999999e+02,6.6073069999999996e+00,6.8813639999999996e+00,1.2482260000000001e+00,1.3311340000000000e+00,,,,,2.5964960000000001e+00,2.3708800000000001e+00,1.7594520000000000e+00,1.7535630000000000e+00,3.9293800000000001e+00,2.8928060000000002e+00,,,,,1.6930060800000000e+00,1.4093443200000000e+00,4.8928277999999999e+01,4.9240386440000002e+01,945,"C3-2006-S40"
2.3692500000000001e+00,,1.1704347826000000e+02,,1.2097659000000000e+01,,2.2592430000000001e+00,,,,,,3.1739199999999999e+00,,1.2711180000000000e+00,,5.5118000000000000e+00,,,,,,1.1828844800000000e+00,,4.2305947040000000e+01,,946,"C3-2006-S41"
2.1670739999999999e+00,4.9849019999999999e+00,9.2857142859999996e+01,1.1198703103000000e+02,7.0218470000000002e+00,1.3629154000000000e+01,1.2528319999999999e+00,2.5517240000000001e+00,,,,,2.2791039999999998e+00,2.7150400000000001e+00,2.1343999999999999e-01,2.0688510000000000e+00,5.7518300000000000e+00,1.2566903999999999e+01,,,,,1.1139433599999999e+00,3.2731024000000000e+00,3.7342718840000003e+01,6.8574682960000004e+01,947,"C3-2006-S42"
3.1716359999999999e+00,3.2411340000000002e+00,1.3138461538000001e+02,1.3216500711000000e+02,8.4934639999999995e+00,8.4934639999999995e+00,1.5084649999999999e+00,1.5084649999999999e+00,,,,,1.0141247999999999e+01,2.1796799999999998e+00,1.1592270000000000e+00,2.2541280000000001e+00,4.9090579999999999e+00,9.1851479999999999e+00,,,,,1.2855491200000000e+00,1.0580220800000000e+00,4.2758856280000003e+01,4.8163260319999999e+01,948,"C3-2006-S43"
2.9431349999999998e+00,3.0852900000000001e+00,1.4360173159999999e+02,1.5111872704999999e+02,7.5262039999999999e+00,7.8624419999999997e+00,1.3196190000000001e+00,1.4739199999999999e+00,,,,,2.2638080000000000e+00,6.5543360000000002e+00,3.0055599999999999e-01,2.2341959999999998e+00,5.7340499999999999e+00,5.4424580000000002e+00,,,,,8.1982303999999995e-01,1.0379587200000000e+00,4.3882916000000002e+01,5.8216437440000000e+01,949,"C3-2006-S45"
1.8385380000000000e+00,2.0596679999999998e+00,1.2744991511000001e+02,1.2080403701000000e+02,8.2401339999999994e+00,8.3230419999999992e+00,1.5453129999999999e+00,1.5337980000000000e+00,,,,,2.3479359999999998e+00,2.1032000000000002e+00,1.0731569999999999e+00,3.2329200000000002e-01,3.2750759999999999e+00,,,,,,-3.3382015999999998e-01,4.2986816000000000e-01,3.7565653439999998e+01,4.0104761199999999e+01,950,"C3-2006-S46"
2.3166000000000002e+00,2.8792028599999999e+00,1.4466457679999999e+02,1.8709774436000001e+02,7.7703220000000002e+00,7.7288680000000003e+00,1.4094359999999999e+00,1.4163450000000000e+00,,,,,2.2523360000000001e+00,2.3135200000000000e+00,1.4183429999999999e+00,,4.7349600000000001e+00,7.1476899999999999e+00,,,,,4.8621631999999998e-01,1.7152038400000000e+00,4.3887609359999999e+01,5.3232089119999998e+01,951,"C3-2006-S46A"
1.6300440000000000e+00,2.6788319999999999e+00,8.2099089989999996e+01,1.3125465839000000e+02,8.0282579999999992e+00,8.2194070000000004e+00,1.4923439999999999e+00,1.6696750000000000e+00,,,,,2.9788960000000002e+00,5.9119039999999998e+00,2.5118849999999999e+00,1.7863999999999999e-01,7.3866100000000001e+00,6.6083100000000004e+00,,,,,5.6262783999999999e-01,1.2893910399999999e+00,2.8505121960000000e+01,4.2735389480000002e+01,952,"C3-2006-S46B"
1.4468220000000001e+00,2.0407139999999999e+00,1.0528120301000000e+02,1.4620408162999999e+02,7.5123860000000002e+00,7.6436570000000001e+00,1.2436199999999999e+00,1.3748910000000001e+00,,,,,2.2714560000000001e+00,3.6595680000000002e+00,9.8346299999999998e-01,2.5102400000000002e-01,7.5983799999999997e+00,4.8761400000000004e+00,,,,,-8.0851072000000002e-01,1.6338832000000001e+00,3.1586312800000002e+01,4.4016676760000003e+01,953,"C3-2006-S46C"
1.2972960000000000e+00,1.6974359999999999e+00,9.7371158390000005e+01,9.9451748249999994e+01,7.6022030000000003e+00,7.4248719999999997e+00,1.4002239999999999e+00,1.2551349999999999e+00,,,,,2.3135200000000000e+00,2.2599840000000002e+00,2.3334030000000001e+00,,1.1140549999999999e+01,5.3539800000000000e+00,,,,,3.7117215999999997e-01,1.8900112000000000e+00,2.8871204039999999e+01,3.2419384200000003e+01,954,"C3-2006-S46D"
2.2850100000000001e+01,2.8178280000000001e+01,1.3312588399999999e+01,2.0669914599999998e+01,7.9591680000000000e+00,7.7772309999999996e+00,1.4739199999999999e+00,1.3887090000000000e+00,,,,,5.0935680000000003e+00,1.8316960000000000e+00,1.1820400000000000e-01,1.8844799999999999e+00,3.9512299999999998e+00,7.4372900000000000e+00,,,,,1.3395494400000001e+00,7.1481055999999998e-01,9.6565882000000002e+01,1.2743176404000000e+02,955,"C3-2006-S47"
1.2744308569999999e+01,1.5721290000000000e+01,3.8497397339999999e+01,5.2808916730000000e+01,8.6523710000000005e+00,8.5994019999999995e+00,1.5222830000000001e+00,1.5337980000000000e+00,,,,,1.2313280000000000e+00,1.0554239999999999e+00,2.8086000000000002e+00,2.0949599999999999e-01,7.0952000000000002e+00,5.4155199999999999e+00,,,,,1.6648320000000001e-02,-2.0234112000000001e-01,6.3937643280000003e+01,9.4355309439999999e+01,956,"C3-2006-S48"
1.2972960000000000e+01,2.2955400000000001e+01,2.4706635060000000e+01,4.9782555160000001e+01,9.4561180000000000e+00,9.0692140000000006e+00,1.7295529999999999e+00,1.6696750000000000e+00,,,,,1.7246239999999999e+00,1.8316960000000000e+00,7.4971500000000002e-01,4.8186400000000001e-01,5.3232100000000004e+00,7.1350199999999999e+00,,,,,1.0684806400000000e+00,-7.5557759999999996e-01,7.5879897799999995e+01,1.5059584232000000e+02,957,"C3-2006-S48A"
1.5934898570000000e+01,1.0695471430000000e+01,1.7700159800000002e+01,4.0518681319999999e+01,9.0116390000000006e+00,8.6362500000000004e+00,1.5291920000000001e+00,1.5913729999999999e+00,,,,,1.6557919999999999e+00,1.3651679999999999e+00,9.5447099999999996e-01,9.9795900000000004e-01,5.0607600000000001e+00,1.0076269999999999e+01,,,,,5.7329984000000000e-01,1.2063628799999999e+00,6.2149473120000003e+01,8.4424159680000002e+01,958,"C3-2006-S48B"
2.5181742900000001e+00,2.6661959999999998e+00,5.1078512400000001e+01,1.2295081967000000e+02,8.8435199999999998e+00,6.3010080000000004e+00,1.9736710000000000e+00,1.1998629999999999e+00,,,,,6.9979199999999997e-01,-1.9120000000000002e-02,3.2326079999999999e+00,1.5995429999999999e+00,7.4934000000000003e+00,1.2583119999999999e+01,,,,,2.2953337600000001e+00,1.1752006399999999e+00,3.5681269399999998e+01,6.4083137440000002e+01,959,"C3-2006-S48C"
2.1481200000000000e+00,1.4899950000000000e+00,9.4181818179999993e+01,1.2327759197000000e+02,7.6689900000000000e+00,5.3682930000000004e+00,1.4209510000000001e+00,8.7744299999999997e-01,,,,,6.0419199999999995e-01,3.2159840000000002e+00,2.0946720000000001e+00,1.6493730000000000e+00,7.2526700000000002e+00,1.3614820000000000e+01,,,,,4.0745695999999998e-01,5.9144224000000001e-01,3.8992434879999998e+01,3.6359459919999999e+01,960,"C3-2006-S48D"
1.4952600000000000e+00,1.3338000000000001e+00,1.0459220779000000e+02,1.4177777778000001e+02,7.6114150000000000e+00,5.9371340000000004e+00,1.4301630000000001e+00,1.0755010000000000e+00,,,,,2.7532800000000002e-01,3.6939839999999999e+00,1.7118869999999999e+00,2.8396800000000000e-01,7.9024599999999996e+00,1.3142410000000000e+01,,,,,1.6242783999999999e-01,1.3611068799999999e+00,3.6460367159999997e+01,4.0562363800000000e+01,961,"C3-2006-S49"
2.2481550000000001e+00,2.5272000000000001e+00,1.6364444444000000e+02,1.7414634146000000e+02,5.8542259999999997e+00,5.9417400000000002e+00,9.6035099999999995e-01,9.1889699999999996e-01,,,,,-1.4913599999999999e-01,-4.3975999999999998e-01,1.8120000000000001e+00,1.5134730000000001e+00,1.4548780000000001e+01,1.2460039999999999e+01,,,,,1.7830777600000001e+00,3.0970143999999999e-01,6.0274475799999998e+01,5.6353173519999999e+01,962,"C3-2006-S50"
8.6767200000000000e-01,1.0909080000000000e+00,1.7065379310000000e+02,1.8654545454999999e+02,4.0924310000000004e+00,1.4025270000000001e+00,6.3562799999999997e-01,2.0266400000000001e-01,,,,,-1.0286560000000000e+00,-1.8775839999999999e+00,1.2634170000000000e+00,2.4090539999999998e+00,1.9227630000000001e+01,3.1817990000000002e+01,,,,,4.1471392000000001e-01,3.5516416000000001e-01,3.0919855680000001e+01,5.1964881920000003e+01,963,"C3-2006-S51"
1.8149890900000001e+00,1.4973660000000000e+00,5.4707490430000000e+01,2.5010461538000001e+02,7.6643840000000001e+00,2.6553589999999998e+00,1.6282209999999999e+00,3.8690400000000003e-01,,,,,4.2828800000000000e-01,-1.3842880000000000e+00,2.0443889999999998e+00,2.1784800000000001e-01,9.6563499999999998e+00,3.1953740000000000e+01,,,,,1.1231212800000001e+00,-9.8395839999999998e-02,2.5606972160000002e+01,5.4947512199999998e+01,964,"C3-2006-S52"
